,scaffold_1_25051104,scaffold_10_15938437,scaffold_10_19078879,scaffold_10_19080923,scaffold_10_19215715,scaffold_12_1814799,scaffold_12_2876156,scaffold_13_1353254,scaffold_13_2018492,scaffold_13_3764023,scaffold_14_9522855,scaffold_143_2955,scaffold_15_14137531,scaffold_15_14342360,scaffold_15_247054,scaffold_15_247811,scaffold_15_382827,scaffold_15_718240,scaffold_16_1404,scaffold_16_905064,scaffold_17_12392091,scaffold_17_5220579,scaffold_18_6191825,scaffold_2_3156956,scaffold_2_8329767,scaffold_3_13279794,scaffold_3_14451224,scaffold_3_15213042,scaffold_4_7478176,scaffold_5_13994673,scaffold_6_23164577,scaffold_6_24767093,scaffold_6_2489698,scaffold_6_25893186,scaffold_6_25893407,scaffold_6_3756001,scaffold_7_14802316,scaffold_7_14891160,scaffold_8_5198105,scaffold_8_6568803,scaffold_8_8018360,scaffold_9_12818481,scaffold_9_2160922
BELA18-3,AG,AA,AC,AG,GG,AG,AA,AA,AA,AA,CC,AA,AA,AA,GG,CC,GG,GG,AC,AA,AC,AG,AA,GG,AC,GG,GG,AG,AC,AG,CC,AA,AA,AC,AG,AA,AA,AG,GG,AG,AG,AA,CC
BLCG28-1,AG,CC,AC,AG,GG,AA,AA,AA,AA,AA,AC,AG,AA,AA,GG,CC,GG,GG,AC,AA,AA,AA,AA,GG,AC,AG,GG,AG,CC,AG,CC,AA,AG,AA,AA,AA,AA,AG,AA,GG,AA,AA,CC
BULG11-4,GG,CC,CC,GG,--,GG,GG,AG,AA,AA,CC,GG,AA,AG,GG,CC,GG,GG,AC,AA,AA,AA,AA,AG,AA,AG,AG,AA,CC,AG,AC,AG,AG,AC,AG,AA,AA,GG,AA,GG,GG,CC,CC
CEDA10-4,GG,CC,AA,AA,AG,AG,AA,AA,AA,AA,CC,GG,AA,AA,GG,CC,GG,GG,AA,AA,AA,AA,AA,GG,AA,GG,GG,AG,CC,AA,CC,AA,GG,AA,AA,AC,AA,GG,AG,GG,AG,AA,CC
CHKD19-3,GG,AC,AC,AG,GG,AG,AA,AA,AG,AA,CC,AA,AA,AA,GG,CC,GG,GG,AC,AA,AC,AA,AA,GG,AC,GG,GG,AG,CC,AG,CC,AA,AA,AA,AA,AC,AA,GG,AA,GG,AG,AA,CC
CHWH27-5,GG,CC,AC,AG,GG,AG,AA,AA,AA,AA,CC,AA,AC,AG,AG,CC,GG,GG,AA,AA,AA,AA,AA,GG,AA,AG,GG,GG,CC,AA,CC,AA,AA,AA,AA,AA,AA,GG,GG,GG,GG,AA,CC
CMBF28-2,AG,CC,AA,AA,AG,AA,AA,--,AA,AA,CC,AA,AA,AA,GG,CC,AG,GG,AA,AA,AC,AA,AA,GG,AC,AG,GG,AA,CC,AG,CC,AA,AA,AA,AA,AA,AA,AG,AG,GG,GG,AA,CC
CNYH28-5,GG,AC,CC,GG,GG,AA,GG,AA,AA,AA,CC,AA,AC,GG,GG,CC,GG,GG,AA,AA,CC,AA,AA,GG,AA,GG,GG,AG,CC,AA,CC,AA,AG,AA,AA,AA,AA,GG,AA,GG,AG,AA,CC
DENA17-4,GG,AA,AC,AG,GG,AA,GG,AA,AA,AA,CC,AG,AA,AA,AG,CC,GG,GG,AC,AA,AC,AA,AA,GG,AC,AG,GG,GG,CC,AG,CC,AA,AA,AA,AA,AA,AA,GG,GG,GG,GG,AA,CC
DENC17-4,GG,AA,AC,AG,AG,AA,GG,AA,AA,AA,CC,AA,AA,AA,GG,CC,GG,GG,AC,AA,CC,AG,AA,GG,AA,AA,AG,AG,CC,AA,CC,AA,AG,AA,AA,AA,AA,GG,AG,GG,GG,AA,CC
ELAD25-3,GG,AC,CC,GG,GG,AA,AG,AG,AA,AA,AC,AG,AA,AA,GG,CC,GG,GG,AA,AA,AC,AA,AA,GG,AA,GG,AG,AG,CC,AA,AC,AG,AA,AC,AG,AA,AA,GG,AG,GG,AG,AA,CC
FNYI28-5,GG,AC,AA,AA,GG,AA,AG,AG,AA,AA,CC,AG,AA,AA,GG,CC,GG,GG,AC,AA,AC,AA,AA,GG,AA,GG,AG,GG,CC,AG,CC,AA,AA,AA,AA,AA,AA,GG,AG,GG,AG,AC,CC
BELC18-5,GG,AC,AA,AA,GG,GG,AG,AG,AA,AA,CC,AG,AA,AG,GG,CC,GG,GG,AA,AA,CC,AA,AA,GG,AA,AG,GG,GG,CC,GG,CC,AA,AA,AA,AA,AA,AA,GG,GG,GG,AG,AA,CC
BULG11-2,GG,AC,AC,AG,AG,AA,AG,AA,AA,AA,CC,GG,AA,AA,AG,AC,AG,GG,AA,AA,AC,AA,AA,AA,AA,AG,GG,GG,CC,AA,AC,AA,GG,AC,AG,AC,AA,GG,GG,AG,AA,AA,CC
CEDA10-2,GG,CC,AC,AG,GG,GG,AA,AA,AA,AA,AC,AG,AA,AA,GG,CC,GG,GG,AA,AA,AA,AA,AA,GG,AA,AG,GG,AA,CC,AA,AC,AA,AG,AC,AG,AC,AA,GG,GG,GG,AG,AA,CC
CHKD19-2,GG,AC,AA,AA,GG,GG,AG,AA,AA,AA,CC,AG,AA,AA,GG,CC,GG,GG,AA,AA,AC,AA,AA,GG,AA,AA,GG,AA,CC,GG,CC,AA,AA,AA,AA,AA,AA,GG,AA,GG,GG,AA,CC
CMBF28-1,GG,AA,AC,AG,AG,AG,AA,AG,AA,AA,CC,AG,AA,AG,GG,CC,GG,GG,AA,AA,AC,AA,AA,GG,AC,AG,GG,GG,AC,GG,AC,AA,AA,AA,AA,AA,AA,GG,GG,GG,AG,AA,CC
CNYH28-4,GG,AC,AC,AG,GG,GG,AA,AA,AA,AA,CC,AA,AA,AA,GG,CC,GG,GG,AA,AA,AA,AA,AA,GG,AA,GG,AG,AG,CC,AG,AC,AA,AG,AA,AA,AA,CC,GG,GG,GG,AA,AA,CC
DENC17-3,GG,AA,AA,AA,GG,AA,AG,AA,AA,AA,CC,AA,AA,AA,GG,CC,GG,GG,AC,AA,AA,AA,AA,GG,AC,GG,AG,GG,CC,AA,CC,AA,AA,AA,AA,AA,AA,GG,GG,GG,GG,AA,CC
FNYI28-4,AG,CC,AC,AG,GG,AG,AA,AG,AA,AA,CC,AA,AA,AA,GG,CC,GG,GG,AA,AA,AA,AA,AA,GG,AA,GG,GG,GG,CC,AG,CC,AA,AG,AA,AA,AA,AA,AG,AA,GG,AG,AA,CC
BELC18-4,AG,AC,AA,AA,GG,GG,AA,AG,AA,AA,CC,AG,AA,AA,GG,CC,GG,GG,AC,AA,AA,AA,AA,GG,AA,GG,AG,AG,CC,AG,CC,AA,AA,AA,AA,AA,AA,GG,AG,GG,GG,AA,CC
BULF11-5,GG,AC,AA,AA,AA,AG,AG,AA,AG,AG,CC,AA,AA,AG,GG,CC,GG,GG,AA,AA,AC,AG,AA,AG,AA,AA,GG,AA,CC,AA,CC,AA,GG,CC,GG,AA,AA,GG,GG,AG,AA,AA,AC
CDRE10-3,GG,AC,AA,AA,AA,GG,AA,AA,AA,AA,CC,AG,AA,AA,GG,CC,GG,AA,AA,AC,AC,AA,AA,GG,AC,GG,GG,AG,CC,AG,CC,AA,AG,AA,AA,AC,AA,AG,AG,GG,AG,AA,AC
CHKD19-1,GG,CC,AC,AG,GG,AA,AG,GG,AA,AA,AA,AG,AA,AA,GG,CC,GG,GG,AA,AA,AC,AA,AA,GG,AA,GG,GG,AG,CC,AG,CC,AA,AA,AA,AA,AA,AA,GG,AG,GG,AG,AA,CC
CHWH27-3,AG,AC,CC,GG,GG,AG,AA,AA,AG,AA,CC,AA,CC,AA,GG,CC,GG,GG,AC,AA,AA,AA,AA,GG,AA,AG,GG,GG,AC,AG,CC,AA,AA,AA,AA,AA,AC,GG,GG,GG,AG,AA,CC
CHWK27-4,GG,CC,AC,AG,GG,GG,AG,AA,AA,AA,CC,AA,AC,AG,GG,CC,GG,GG,AA,AA,AA,AA,AA,GG,AA,AG,AG,AG,CC,AG,CC,AA,AA,AA,AA,AA,AA,GG,AA,GG,AG,AA,CC
CNYH28-3,GG,AC,AC,AG,GG,GG,AA,AA,AA,AA,AC,AG,AA,AA,GG,CC,GG,GG,AA,AA,AC,AA,AA,GG,AA,GG,GG,AA,CC,AG,CC,AA,AA,AA,AA,AA,AA,GG,AG,GG,AG,AA,CC
DENA17-2,GG,AC,AC,AG,AG,AG,GG,AG,AA,AA,CC,AG,AA,AA,GG,CC,GG,GG,AC,AA,AC,AA,AA,GG,AA,AG,GG,GG,CC,AG,CC,AA,AG,AC,AG,AA,AA,AG,GG,GG,AG,AA,CC
DENC17-2,AG,AA,AA,AA,GG,AG,AG,GG,AA,AA,AC,GG,AA,AA,GG,CC,GG,GG,AC,AA,AA,AA,AA,GG,AA,AG,GG,AG,CC,AG,CC,AA,AA,AA,AA,AA,AA,GG,GG,GG,AG,AA,CC
ELAD25-1,AA,AA,AA,AA,GG,GG,AA,AG,AA,AA,CC,AG,AC,AG,GG,CC,GG,GG,AC,AA,AC,AA,AA,GG,AA,AG,GG,AG,CC,AG,CC,AA,AG,AA,AA,AA,AC,AG,GG,GG,AG,AA,CC
FNYI28-3,GG,CC,AC,AG,GG,AA,GG,AA,AA,AA,CC,AG,AA,AA,GG,CC,GG,GG,AC,AA,AC,AA,AA,GG,AA,GG,AG,AG,CC,AA,CC,AA,AA,AA,AA,AC,AA,AG,AG,GG,GG,AC,CC
ALSC1-5,GG,AC,AC,AG,AG,AG,AA,AG,AA,AG,CC,AG,AA,AA,AG,AC,AG,GG,AC,AA,AA,AA,AA,GG,AA,AG,GG,AA,CC,AA,AC,AA,GG,AC,AG,AA,AA,GG,GG,GG,AA,AA,AA
BELC18-3,GG,AC,AC,AG,GG,AA,AG,AA,AA,AA,CC,AA,AA,AA,GG,CC,GG,GG,AC,AC,AA,AA,AA,GG,AA,GG,GG,GG,CC,AG,AC,AA,AA,AA,AA,AA,AC,GG,AG,GG,AA,AA,CC
BULF11-4,GG,AC,AA,AA,AG,AG,GG,--,AA,AA,CC,GG,AA,AA,GG,CC,GG,GG,AC,AA,AA,AA,AA,AG,AA,AG,AG,AA,CC,AA,AC,AA,GG,CC,GG,AA,AA,GG,AA,AG,AA,AA,CC
CDRE10-1,GG,AA,AA,AA,GG,AG,GG,AG,AA,AA,CC,GG,AA,AG,GG,CC,GG,AG,AC,AA,AC,AG,AA,GG,AA,AG,GG,GG,CC,AG,CC,AA,AG,CC,GG,AA,AA,GG,GG,AG,GG,AA,CC
CHKC19-4,GG,AC,AA,AA,GG,AA,AG,AG,AA,AA,CC,AG,AA,AG,GG,CC,GG,GG,AC,AA,AA,AA,AA,GG,AA,AG,GG,AG,CC,AG,CC,AA,AA,AA,AA,CC,AA,GG,AG,GG,AG,AA,AC
CHWK27-3,AG,AA,AC,AG,GG,GG,AA,AA,AG,AA,CC,AG,AA,AA,GG,CC,GG,GG,AA,AA,AC,AA,AA,GG,AA,GG,GG,GG,CC,GG,CC,AA,AA,AA,AA,AA,AA,AG,AG,GG,GG,AA,CC
CNYH28-2,AG,AA,AA,AA,GG,AG,AA,--,AA,AA,AC,AG,AA,AA,GG,CC,GG,GG,AA,AA,AA,AA,AA,GG,AA,GG,GG,AG,CC,GG,CC,AA,AA,AA,AA,AA,AA,GG,AA,GG,AG,AA,CC
DEND17-5,GG,AC,AC,AG,AG,AG,AA,AG,AA,AA,AA,AG,AA,AA,GG,CC,GG,GG,AA,AA,AA,AG,AA,GG,AC,AG,GG,AG,CC,AA,CC,AA,AA,AA,AA,AA,AC,GG,AG,GG,AG,AA,CC
FNYI28-2,GG,AC,AA,AA,AG,AG,GG,AA,AA,AA,CC,GG,AC,AA,GG,CC,GG,GG,AC,AA,AA,AA,AA,GG,AA,GG,AG,AG,CC,AG,CC,AA,AA,AA,AA,AA,AA,GG,AG,GG,AG,AA,CC
ALSC1-4,GG,CC,AC,AG,GG,AG,AG,AG,AA,AA,CC,GG,AA,AA,AG,AC,AA,AA,AA,AA,AA,AG,AA,GG,AA,AG,GG,AG,CC,AA,AA,AA,AA,CC,GG,AA,AA,AG,AG,GG,GG,AA,AC
BELC18-2,GG,AC,AA,AA,GG,AA,AA,AA,AA,AA,CC,AA,AA,AA,GG,CC,GG,GG,AA,AA,AA,AA,AC,GG,AA,GG,AG,AG,CC,AG,CC,AA,AA,AA,AA,AA,AA,GG,AA,GG,AG,AA,CC
BULF11-3,GG,AC,AC,AG,AG,AG,AA,AG,AA,AA,CC,AG,AA,AA,GG,CC,GG,GG,AA,AA,AA,AG,AA,AA,AA,AG,GG,AA,CC,GG,CC,AA,AG,AA,AA,AA,AA,GG,AG,GG,GG,CC,AC
CHKC19-3,GG,AA,AA,AA,AG,AG,AG,AG,AA,AA,CC,AG,AA,AA,GG,CC,GG,GG,AA,AA,CC,AA,AA,GG,AA,AG,GG,AA,CC,GG,CC,AA,AA,AA,AA,AA,AC,GG,AG,GG,GG,AA,CC
CHWH27-1,GG,AC,AC,AG,GG,GG,AA,AG,AG,AA,AC,AA,AA,AA,GG,CC,GG,GG,AA,AA,AC,AA,AC,GG,AA,GG,AA,AG,CC,AG,CC,AA,AA,AA,AA,AA,AA,GG,GG,GG,GG,AA,CC
CHWK27-2,GG,CC,AA,AA,GG,AG,AA,AA,AA,AA,CC,AG,AC,AG,GG,CC,GG,GG,AA,AA,AA,AA,AA,GG,AA,GG,GG,GG,CC,AA,CC,AA,AA,AA,AA,AA,AA,AG,AG,GG,AG,AA,CC
CNYH28-1,AG,AA,AC,AG,GG,AA,AA,AA,AA,AA,CC,AA,AA,AG,GG,CC,GG,GG,AA,AA,AC,AA,AA,GG,AC,GG,GG,AA,CC,AG,CC,AA,AA,AA,AA,AA,AA,GG,AG,GG,GG,AA,CC
DENB17-4,GG,AA,AC,AG,GG,AA,AA,AA,AA,AA,AC,AG,AA,AA,GG,CC,GG,GG,AA,AC,AC,AA,AA,GG,AC,AG,GG,GG,CC,GG,CC,AA,AG,AA,AA,AA,AA,AG,GG,GG,AG,AA,CC
DEND17-4,AG,AC,AC,AG,GG,AA,AG,AA,AA,AA,CC,AA,AA,AA,GG,CC,GG,GG,AA,AA,AA,AA,AA,GG,AA,AA,GG,AG,CC,AA,CC,AA,AA,AC,AG,AC,AC,GG,AG,GG,GG,AA,CC
FNYI28-1,GG,AA,AA,AA,GG,AA,AG,AG,AA,AA,CC,AG,AC,AA,GG,CC,GG,GG,AC,AA,AA,AA,AA,GG,AA,GG,AG,AA,CC,AG,CC,AA,AA,AA,AA,AA,AA,GG,AG,GG,AG,AA,CC
ALAA20-5,GG,AC,CC,GG,GG,AG,AA,AG,AA,AA,CC,AA,AA,GG,GG,CC,GG,GG,AA,AA,AA,AA,AA,GG,AC,GG,AG,GG,CC,AG,AC,AA,AA,AA,AA,AC,AA,GG,GG,GG,GG,AA,CC
BELC18-1,GG,AC,AC,AG,AA,AA,AA,AA,AA,AA,AC,AA,AA,AG,GG,CC,GG,GG,AC,AA,AC,AA,AA,GG,AA,AG,AG,AG,CC,AA,CC,AA,AA,AA,AA,AA,AC,GG,AG,GG,GG,AA,CC
BULB11-1,GG,AC,AC,AG,AA,AG,GG,AA,AA,AA,CC,AG,AA,AA,GG,CC,GG,GG,AC,AA,AC,AG,AA,GG,AA,AA,AG,AG,CC,AA,CC,AA,AA,AA,AA,AA,AA,GG,GG,AG,AG,AA,AC
CARS29-4,GG,AC,CC,GG,GG,AA,AA,GG,GG,AA,CC,AA,AA,GG,GG,CC,GG,GG,AA,AA,AA,AA,AC,GG,AC,AA,AA,AG,AA,AA,CC,AG,AA,AA,AA,AA,AA,GG,GG,GG,AG,AC,AC
CHKC19-2,GG,CC,CC,GG,GG,AA,AG,AA,AA,AA,CC,AG,AA,AA,GG,CC,GG,GG,AA,AA,AC,AA,AA,GG,AA,AG,GG,GG,CC,GG,CC,AA,AA,AA,AA,AC,AA,GG,AG,GG,GG,AA,CC
CHWH27-4,GG,AA,CC,GG,GG,GG,AA,AA,AA,AA,AC,AA,AC,GG,AG,CC,GG,GG,AA,AA,AA,AA,AC,GG,AA,GG,GG,AG,CC,AG,CC,AG,AA,AA,AA,AA,AA,GG,AG,GG,AA,AA,CC
CSYJ28-3,GG,CC,AC,AG,GG,AG,AG,AA,AA,AA,CC,AA,AA,AA,GG,CC,GG,GG,AA,AA,CC,AA,AA,GG,AC,AG,GG,AA,AA,AG,CC,AA,AA,AA,AA,AA,AA,GG,GG,GG,GG,AA,CC
DENB17-3,GG,AA,AC,AG,AG,AG,AA,AG,AA,AA,AC,AA,AA,AA,GG,CC,GG,GG,AC,AA,AC,AA,AA,GG,AC,AG,GG,GG,CC,AA,CC,AA,AA,AA,AA,AA,AA,GG,GG,GG,AG,AA,AA
DEND17-3,GG,AA,AA,AA,AG,AG,AG,AG,AA,AA,CC,AA,AA,AA,AG,CC,GG,GG,AA,AA,AA,AG,AA,GG,AA,AG,GG,GG,CC,AA,CC,AA,AA,AA,AA,AA,AA,GG,GG,GG,GG,AA,CC
FKRB6-1,GG,CC,AA,AA,AG,GG,AA,AA,AA,AG,CC,GG,AA,AA,GG,CC,GG,GG,AA,AA,AA,AA,AA,GG,AC,AG,GG,AG,CC,AA,CC,AA,AA,AA,AA,AA,AC,GG,AG,GG,AA,AA,CC
ALAA20-4,GG,AC,AA,AA,GG,AA,GG,AG,AA,AA,CC,AG,AA,AA,GG,CC,GG,GG,AA,AA,AA,AA,AA,GG,AC,AG,AG,GG,AC,AA,CC,AA,AA,AA,AA,AA,AA,AG,AG,GG,AG,AA,CC
BELA18-5,GG,AA,CC,GG,GG,AG,AA,AA,AA,AA,AC,AG,AA,AA,GG,CC,GG,GG,AC,AA,AC,AA,AA,GG,CC,AG,GG,GG,CC,AA,CC,AA,AA,AA,AA,AA,AA,AG,GG,GG,AG,AA,CC
BULA11-4,GG,AA,AA,AA,AG,AA,AG,AA,AA,AA,CC,AA,AA,AA,AG,AC,AG,GG,AC,AA,AA,AG,AA,GG,AC,AA,GG,GG,CC,AG,AC,AA,AG,AA,AA,AC,AA,GG,AA,AG,AG,AA,CC
CHKC19-1,AG,AC,AA,AA,AG,AA,AG,AG,AA,AA,AC,AA,AA,AA,GG,CC,GG,GG,AA,AA,CC,AA,AA,GG,AA,AG,GG,AG,CC,AG,CC,AA,AA,AA,AA,AC,AA,GG,AA,GG,AG,AC,CC
CHKD19-5,AG,CC,AC,AG,GG,AA,AG,GG,AA,AA,CC,GG,AA,AA,GG,CC,GG,GG,AC,AA,AC,AA,AA,GG,AA,GG,GG,AA,CC,GG,CC,AA,AA,AA,AA,AA,AA,GG,AA,GG,AG,AA,CC
CHWJ27-1,GG,AA,AA,AA,GG,AG,AG,AG,AG,AA,AA,AG,AA,AA,GG,CC,GG,GG,AA,AA,AA,AA,AC,GG,AA,GG,AG,AG,CC,AA,CC,AA,AA,AA,AA,AA,AA,GG,AG,GG,AA,AA,CC
CMBF28-4,GG,CC,AC,AG,GG,AA,AG,AA,AA,AA,CC,AG,AA,AA,GG,CC,AG,GG,AA,AA,AA,AA,AA,GG,AA,AG,AG,AG,CC,AG,CC,AA,AA,AA,AA,AA,AC,GG,GG,GG,GG,AA,CC
CSYJ28-2,GG,CC,AA,AA,GG,GG,AA,AA,AA,AA,CC,AA,AA,AG,GG,CC,GG,GG,AA,AA,AC,AA,AA,GG,AA,AA,AG,AA,AC,AA,CC,AA,AA,AA,AA,AA,AC,GG,AG,GG,AG,AA,CC
DENB17-2,AG,AA,AC,AG,AG,GG,AA,AA,AA,AA,CC,AA,AA,AA,GG,CC,GG,GG,AA,AA,AA,AA,AA,GG,AA,AG,GG,AG,CC,AG,CC,AA,AA,AC,AG,AC,AC,GG,AG,GG,AG,AA,CC
ELAD25-5,GG,CC,CC,GG,GG,GG,AG,AA,AA,AA,CC,AG,AA,AG,GG,CC,GG,GG,AA,AA,AC,AA,AA,GG,AA,GG,AG,AG,AC,AA,AC,AA,AA,AA,AA,AC,AA,GG,GG,GG,GG,AA,CC
ALAA20-3,GG,AC,AA,AA,GG,AG,GG,AG,AA,AA,CC,AA,AA,AG,GG,CC,GG,GG,AA,AA,AC,AG,AA,GG,AA,AG,GG,AG,CC,AG,CC,AA,AA,AA,AA,AA,AA,GG,GG,GG,GG,AA,CC
BELA18-4,AG,AA,AA,AA,GG,AG,AG,AA,AG,AA,CC,AA,AA,AA,GG,CC,GG,GG,AC,AA,AC,AA,AA,GG,AA,AG,GG,AA,CC,AA,CC,AA,AG,AA,AA,AA,AA,GG,AG,AG,GG,AA,CC
BLCG28-3,GG,AC,AC,AG,GG,AA,AG,AG,AG,AA,AC,AG,AA,AA,GG,CC,GG,GG,CC,AA,AA,AA,AA,GG,AA,GG,AG,GG,CC,AG,CC,AA,AA,AA,AA,AA,AA,GG,AG,GG,AA,AA,CC
BULG11-5,GG,AC,AC,AG,--,AG,GG,GG,AA,AA,CC,AG,AA,AG,GG,CC,GG,AG,AC,AA,AA,AG,AA,AG,AA,AG,GG,AG,CC,AG,AC,AA,GG,CC,GG,AA,AA,GG,GG,AG,AG,AA,AC
CHIL14-2,AG,CC,AC,AG,GG,AG,GG,AA,AG,AA,CC,AA,AA,GG,GG,CC,GG,GG,AA,AA,AA,AA,AA,GG,AA,GG,GG,AG,AC,GG,CC,AA,AA,AA,AA,AA,AC,GG,AG,GG,AA,AA,CC
CHKD19-4,GG,AC,AC,AG,AA,AA,AA,AG,AA,AA,AC,AA,AA,AG,GG,CC,GG,GG,AA,AA,AC,AA,AA,GG,AA,GG,GG,GG,CC,AA,CC,AA,AA,AA,AA,AC,AC,GG,AA,GG,AG,AA,CC
CHWI27-4,GG,CC,CC,GG,GG,AG,AG,AA,AG,AA,CC,AG,AC,AA,GG,CC,GG,GG,AC,AA,AA,AA,AC,GG,AA,AG,GG,AG,AC,AA,CC,AG,AA,AA,AA,AA,AC,GG,GG,GG,AA,AA,CC
CMBF28-3,GG,CC,AC,AG,GG,GG,AA,AG,AA,AA,CC,AG,AA,AA,GG,CC,AG,GG,AA,AA,AA,AA,AA,GG,AA,AG,AG,GG,AC,AG,CC,AA,AA,AA,AA,AA,AA,GG,AG,GG,AG,AA,CC
CSYJ28-1,GG,AC,AA,AA,GG,AG,AG,AG,AA,AA,CC,AA,AA,AA,GG,CC,GG,GG,AA,AA,CC,AA,AA,GG,AC,GG,GG,AG,AC,AG,CC,AA,AA,AA,AA,AA,AA,GG,GG,GG,GG,AA,CC
DENB17-1,GG,CC,AC,AG,AG,AA,GG,AG,AA,AA,CC,AG,AA,AA,GG,CC,GG,GG,AA,AC,AA,AA,AA,GG,AC,GG,GG,AA,CC,AA,CC,AG,AA,AA,AA,AC,AA,GG,GG,GG,GG,AA,CC
DENC17-5,GG,AA,AA,AA,AG,AG,AG,AG,AA,AA,CC,AG,AA,AG,GG,CC,AG,GG,AC,AA,AC,AA,AC,GG,AA,AG,GG,GG,CC,AG,CC,AA,AA,AA,AA,AA,AA,GG,GG,GG,GG,AA,CC
ELAD25-4,GG,AA,AC,AG,GG,GG,AA,AA,AG,AA,CC,AA,AA,AA,GG,CC,GG,GG,AA,AA,CC,AA,AA,AG,AA,GG,GG,GG,CC,AG,CC,AA,AA,AA,AA,AA,AA,GG,GG,GG,GG,AA,CC
HALS30-4,AA,CC,AC,AG,GG,GG,AA,GG,AA,AG,CC,AA,AA,AG,GG,CC,GG,GG,AA,CC,AA,AA,AA,AG,AA,AA,AG,GG,AC,AA,CC,AG,AA,AA,AA,CC,AA,AG,GG,GG,AG,AA,CC
HARC26-2,GG,AC,AC,AG,GG,AG,AG,AA,AA,AA,AC,AA,AA,AA,GG,CC,GG,GG,AA,AA,AC,AA,AA,GG,AA,AG,AG,AG,CC,AG,CC,AA,AA,AA,AA,AA,AA,GG,GG,GG,AG,AA,CC
HIRD12-2,GG,CC,AA,AA,AA,AG,AA,AG,AA,AA,AC,AG,AC,AA,GG,CC,GG,GG,AC,AA,CC,AA,AA,GG,AA,AG,GG,AA,CC,AA,CC,AA,--,AA,AA,AA,AA,GG,AG,GG,AA,AA,CC
HOMB21-2,GG,AC,AA,AA,AG,AG,AG,AG,AA,AA,CC,AA,CC,AG,GG,CC,GG,GG,AA,AA,CC,AA,AA,GG,AC,GG,AG,AG,CC,AA,CC,AA,AA,AA,AA,AA,AA,GG,AG,GG,AA,AA,CC
HOMC21-5,GG,AC,CC,GG,GG,AG,AA,AG,AA,AA,CC,AA,AA,AA,GG,CC,GG,GG,AA,AA,AA,AA,AA,GG,AC,GG,GG,AG,CC,AA,CC,AG,AA,AA,AA,AC,AA,GG,AG,GG,AG,AA,CC
HOPF27-3,GG,AA,AC,AG,GG,GG,AA,AG,AA,AA,AC,AA,AA,AA,GG,CC,GG,GG,AA,AA,AC,AA,AA,GG,AC,AA,AG,AG,CC,AG,CC,AA,AA,AA,AA,AA,AA,GG,GG,GG,GG,AA,AC
IRVC7-1,GG,AC,AA,AA,GG,GG,AG,AG,AA,AG,CC,AA,AA,AA,GG,CC,GG,GG,AA,AA,AC,AA,AA,GG,AC,AG,GG,AA,CC,AG,CC,AA,AA,AA,AA,AA,AA,GG,AA,AG,AA,AA,CC
ISKA6-2,AG,AC,AA,AA,GG,AG,AA,AA,AA,AA,CC,GG,AA,AG,GG,CC,GG,GG,AA,AA,AA,AA,AA,GG,AC,AG,GG,AA,CC,AA,CC,AA,AG,AA,AA,AA,AC,GG,AG,GG,AA,AA,CC
JASP30-3,AA,CC,AC,AG,GG,GG,AG,GG,AA,AG,CC,AA,AA,AA,GG,CC,GG,GG,AA,AC,AA,AA,AC,AG,AA,AA,AA,AG,CC,GG,CC,GG,AA,AA,AA,CC,AA,AG,GG,GG,GG,AA,CC
KIMB16-2,AG,AC,AA,AA,GG,AA,AG,AA,AA,AA,AC,AA,AA,AG,GG,CC,GG,GG,AA,AA,AA,AA,AA,GG,AA,AG,GG,GG,AC,AG,CC,AG,AA,AA,AA,AA,AA,GG,GG,GG,GG,AA,CC
KLNB20-2,GG,AA,AC,AG,AG,AG,AA,GG,AA,AA,CC,AA,AA,AG,GG,CC,AG,GG,AA,AA,AC,AA,AA,GG,AA,AG,GG,AG,CC,AA,CC,AA,AA,AA,AA,AA,AC,GG,GG,GG,AG,AA,CC
HALS30-2,AG,CC,CC,GG,GG,GG,AA,AG,AA,AA,CC,AA,AC,GG,GG,CC,GG,GG,AA,AC,AA,AA,AC,GG,AA,AG,AG,AG,AC,GG,CC,AG,AA,AA,AA,AC,AA,AA,GG,GG,GG,AA,CC
HARC26-1,GG,AA,AC,AG,GG,GG,AG,AA,AG,AA,AA,AA,AA,AA,GG,CC,GG,GG,AA,AA,AC,AA,AA,GG,AA,AG,GG,AA,CC,AG,CC,AA,AA,AA,AA,AA,AC,AG,AG,GG,GG,AC,CC
HAZH10-5,AA,AA,AA,AA,AA,AG,AG,AA,AA,AA,CC,GG,AA,AA,AG,AC,AG,AA,AC,AC,AC,AG,AA,GG,AA,GG,AG,AA,CC,AG,AC,AA,AA,AA,AA,AA,AA,GG,GG,GG,AA,AC,CC
HOMB21-1,GG,AA,AA,AA,GG,AG,AG,AG,AA,AA,CC,AA,AA,AA,GG,CC,AG,GG,AA,AA,AC,AA,AA,GG,AA,AG,AG,GG,CC,AG,CC,AA,AG,AA,AA,AC,AA,GG,AA,GG,AA,AA,CC
HOMC21-4,GG,AA,CC,GG,GG,AG,AA,AA,AA,AA,CC,AA,AA,AA,GG,CC,AG,GG,AA,AA,AC,AA,AC,GG,AA,GG,GG,AG,CC,AA,CC,AA,AA,AA,AA,AA,AA,AG,GG,GG,AA,AA,CC
HOPF27-2,GG,AA,AA,AA,AA,GG,AA,AG,AG,AA,AC,AG,AA,AG,GG,CC,GG,GG,AA,AA,AA,AA,AC,GG,AC,GG,AG,AG,CC,AA,CC,AG,AA,AA,AA,AA,AA,AG,GG,GG,GG,AC,CC
HRSO27-1,GG,AA,AC,AG,GG,AG,GG,AA,AG,AA,CC,AG,AA,AG,GG,CC,GG,GG,AA,AA,AC,AG,AA,GG,AA,GG,AG,AG,CC,AA,AC,AA,AA,AA,AA,AA,AC,GG,GG,GG,AG,AA,CC
ISKA6-1,GG,AC,CC,GG,GG,AA,AA,AA,AA,AA,CC,AA,AA,AG,GG,CC,GG,GG,AC,AA,AC,AA,AA,AG,CC,GG,GG,AA,CC,AG,AC,AA,AA,AA,AA,AA,AC,GG,AA,GG,AA,AA,CC
JASP30-1,AA,AC,CC,GG,GG,GG,GG,GG,AA,AA,CC,AA,AA,AG,GG,CC,GG,GG,AA,CC,AA,AA,AA,AG,AA,AA,AA,GG,CC,GG,CC,AG,AA,AA,AA,AC,AA,AG,GG,GG,GG,AA,CC
KIMB16-1,GG,AC,AC,AG,GG,AG,AG,AA,AA,AA,CC,AG,AA,AA,GG,CC,GG,GG,AC,AC,AA,AG,AA,GG,AA,AA,GG,GG,CC,AG,CC,AA,AA,AA,AA,AA,AA,GG,GG,GG,AG,AA,CC
KLNA20-5,GG,AC,AA,AA,AG,GG,AG,AA,AA,AA,CC,AA,AA,AG,GG,CC,GG,GG,AA,AA,AA,AA,AA,GG,AA,AG,GG,AG,CC,AG,CC,AA,AA,AC,AG,AA,AA,GG,GG,GG,GG,AA,CC
HALS30-1,AG,CC,CC,GG,GG,GG,AA,GG,AA,AA,CC,AA,AC,GG,GG,CC,GG,GG,AA,AC,AA,AA,AA,GG,AA,AA,AG,GG,CC,GG,CC,AA,AA,AA,AA,AA,AA,AA,GG,GG,GG,AA,CC
HARB26-5,AG,AC,AC,AG,GG,AA,AA,AG,AA,AA,AC,AA,AC,AA,GG,CC,GG,GG,AA,AA,AC,AG,AA,GG,AA,GG,AG,AG,CC,GG,CC,AA,AA,AA,AA,AA,AA,GG,GG,GG,AA,AA,CC
HAZH10-3,AG,AC,AA,AA,AA,AG,AG,AG,AA,AA,CC,AG,AA,AA,AG,AC,AG,GG,AC,AA,AC,AG,AA,AG,AA,AG,GG,AG,CC,AG,AA,AA,AA,AA,AA,AA,AA,GG,GG,GG,AA,AA,CC
HOMA21-5,GG,AC,AC,AG,GG,AA,AA,AA,AA,AA,CC,AG,AA,AG,GG,CC,GG,GG,AA,AA,AA,AA,AA,GG,AC,AG,AG,AA,CC,AA,CC,AA,AA,AA,AA,AA,AC,GG,GG,GG,AG,AA,CC
HOMC21-3,GG,AA,AA,AA,GG,AA,AA,AG,AA,AA,CC,AA,AA,AA,GG,CC,GG,GG,AA,AA,AC,AA,AA,GG,AA,GG,GG,AG,CC,AA,CC,AA,AA,AA,AA,AA,AA,GG,AG,GG,AA,AA,CC
HOPF27-1,GG,CC,AC,AG,GG,GG,AA,AG,AA,AA,AA,AA,AA,AG,GG,CC,GG,GG,AA,AA,CC,AA,AA,GG,AA,AG,GG,AG,CC,AG,CC,AA,AA,AA,AA,AA,AA,AG,GG,GG,AG,AA,CC
HOPG27-5,AG,AC,AA,AA,GG,GG,AA,AG,AG,AA,AC,AG,AA,AG,GG,CC,GG,GG,AA,AA,AC,AA,AA,GG,AA,AG,AG,AA,AC,AA,CC,AG,AA,AA,AA,AA,AA,GG,AG,GG,AA,AA,CC
HRSP27-4,GG,AA,AC,AG,GG,AG,AA,AA,AA,AA,CC,GG,AC,AG,GG,CC,GG,GG,AA,AA,AC,AA,AC,GG,AA,AG,AG,AG,CC,AA,CC,AA,AA,AA,AA,AA,AA,GG,GG,GG,AG,AA,CC
ISKC6-5,GG,AA,AA,AA,AG,GG,AG,AA,AA,AA,CC,AA,AA,AA,GG,CC,AG,AG,AA,AA,AC,AA,AA,GG,AA,AG,GG,AA,CC,AA,AC,AA,AG,AA,AA,AA,AC,GG,GG,GG,GG,AA,AC
JEFF30-4,AA,CC,CC,GG,GG,GG,AA,AG,AA,AA,CC,AA,AA,AA,GG,CC,GG,GG,AA,AA,AA,AA,AA,AG,AA,AA,AA,GG,AC,GG,CC,AG,AA,AA,AA,CC,AA,AG,GG,GG,GG,AC,CC
KLNA20-4,GG,AC,AC,AG,GG,GG,AA,AA,AG,AA,AC,AA,AA,AA,GG,CC,GG,GG,AC,AA,AA,AA,AA,GG,AA,GG,GG,AG,CC,AG,CC,AA,AA,AA,AA,AA,AA,GG,GG,GG,AG,AA,CC
GLCB26-4,AG,AA,AC,AG,GG,GG,AG,AA,AA,AA,AC,AA,AA,AG,GG,CC,GG,GG,AA,AC,AC,AA,AA,GG,AA,AG,GG,AA,CC,AG,CC,AA,AA,AA,AA,AA,AA,GG,AG,GG,AG,AA,CC
HARB26-4,GG,AC,AC,AG,GG,AG,AA,AA,AA,AA,AC,AA,AA,AA,GG,CC,GG,GG,AA,AC,AA,AA,AA,GG,AA,AG,GG,AG,CC,GG,CC,AA,AA,AA,AA,AA,AA,GG,AG,GG,GG,AA,CC
HAZH10-2,AG,AC,AC,AG,AA,AA,AG,AG,AG,AA,CC,AG,AA,AA,GG,CC,GG,GG,AC,AA,AC,AA,AA,GG,AC,AG,GG,AA,CC,AA,AC,AA,AA,--,--,AA,AA,GG,AG,GG,AG,AA,AC
HOMA21-4,GG,AA,AA,AA,GG,AA,AA,AA,AA,AA,CC,AA,AA,AA,GG,CC,GG,GG,AA,AA,AA,AA,AA,GG,AA,AG,GG,AG,CC,AA,CC,AA,AG,AA,AA,AA,AA,GG,AG,GG,AA,AA,CC
HOMC21-2,GG,AA,AA,AA,GG,AG,AA,AA,AA,AA,CC,AA,AA,AA,GG,CC,GG,GG,AA,AA,CC,AA,AC,GG,AC,GG,GG,AG,CC,AG,CC,AA,AA,AA,AA,AA,AA,GG,AA,GG,AG,AA,CC
HOMD21-5,AG,AC,CC,GG,GG,GG,AG,AA,AA,AA,CC,AG,AA,AG,GG,CC,GG,GG,AA,AA,AA,AA,AA,GG,AA,AG,GG,AG,CC,AA,AC,AA,AG,AA,AA,AA,AA,AG,AA,GG,AG,AA,CC
HRSP27-3,GG,AA,CC,GG,GG,AA,GG,AG,AA,AA,AC,AG,AC,AG,GG,CC,GG,GG,AA,AA,AA,AA,AA,GG,AA,GG,GG,AG,CC,GG,CC,AA,AA,AA,AA,AA,AA,AG,GG,GG,GG,AA,CC
IRVD7-4,AG,CC,AC,AG,AA,AA,AG,AG,AG,AG,CC,AG,AA,AA,AG,AC,GG,GG,AC,AA,AC,AA,AA,GG,AC,AG,AG,AA,CC,AA,CC,AA,AA,AA,AA,AA,AA,GG,AG,GG,AG,AA,CC
ISKC6-3,GG,AA,CC,GG,GG,GG,AG,AA,AA,AG,CC,AG,AA,AA,GG,CC,GG,GG,AA,AA,AC,AA,AA,AG,AC,AG,GG,AG,CC,AG,AC,AA,AA,AA,AA,AA,AC,AG,GG,AG,AG,AA,CC
JEFF30-3,AA,CC,CC,GG,GG,GG,AA,GG,AA,AG,CC,AA,AC,AG,GG,CC,GG,GG,AA,AC,AA,AA,AC,GG,AA,AA,AA,GG,CC,GG,CC,AA,AA,AA,AA,CC,AA,AG,GG,GG,AG,AA,CC
KLNA20-3,AG,AA,AA,AA,GG,AG,AG,AA,AA,AA,CC,AG,AA,AG,GG,CC,GG,GG,AA,AA,AC,AA,AA,GG,AA,AG,GG,AA,CC,AG,CC,AA,AA,AA,AA,AA,AA,GG,GG,GG,AG,AA,AC
GLCB26-3,AG,AC,AC,AG,GG,AA,AG,AG,AA,AA,CC,AA,AA,AA,GG,CC,GG,GG,AA,AA,AA,AA,AA,GG,AA,GG,GG,GG,CC,AG,CC,AA,AA,AA,AA,AA,AA,GG,GG,GG,AA,AA,CC
HARB26-3,GG,AC,AC,AG,GG,AG,AA,AA,AA,AA,CC,AA,AA,AA,GG,CC,GG,GG,AC,AA,AC,GG,AA,GG,AC,AG,GG,AG,AC,GG,CC,AA,AA,AA,AA,AA,AC,AG,GG,GG,AG,AA,CC
HAZH10-1,AG,AC,AC,AG,AG,AA,AG,GG,AA,AA,AC,GG,AA,AA,GG,CC,GG,GG,AA,AA,AC,AA,AA,AG,AA,AG,AA,AG,CC,AA,AC,AA,AG,AC,AG,AA,AA,GG,AG,GG,AA,AA,CC
HOMA21-2,GG,AA,CC,GG,GG,AG,AA,AA,AA,AA,CC,AA,AA,AA,GG,CC,GG,GG,AA,AA,AC,AA,AA,GG,AA,GG,GG,AG,CC,GG,CC,AG,AA,AA,AA,AA,AA,GG,AA,GG,AA,AA,CC
HOMC21-1,GG,AC,CC,GG,GG,AA,AG,AA,AA,AA,CC,AA,AC,AA,GG,CC,GG,GG,AC,AA,CC,AA,AA,GG,AC,AG,GG,AA,CC,AA,CC,AG,AA,AA,AA,AA,AA,GG,GG,GG,AG,AA,CC
HOMD21-4,GG,AC,AA,AA,GG,AA,AG,AA,AA,AA,CC,AA,AA,AA,GG,CC,GG,GG,AA,AA,AA,AA,AA,GG,AA,AG,GG,AG,CC,AG,CC,AA,AA,AA,AA,AA,AA,GG,AG,GG,AG,AA,CC
HOPG27-2,AG,AA,AA,AA,GG,AG,AG,AG,AA,AA,AC,AA,AC,AG,GG,CC,GG,GG,AA,AA,AC,AA,AA,GG,AA,GG,GG,GG,CC,GG,CC,AA,AA,AA,AA,AA,AA,AG,AG,GG,GG,AA,CC
HRSP27-1,GG,AA,AC,AG,GG,AG,AG,AA,AA,AA,AA,AG,AA,AA,GG,CC,GG,GG,AA,AA,AC,AA,AC,GG,AA,AA,AG,GG,AC,AA,CC,AA,AA,AA,AA,AA,AA,AG,GG,GG,AG,AA,CC
IRVC7-6,GG,CC,AA,AA,AG,AA,AA,AG,AA,AA,CC,AA,AA,AA,GG,CC,GG,GG,AA,AA,AC,AG,AA,GG,CC,AA,GG,AA,CC,AA,CC,AA,AG,AC,AG,AA,AC,GG,AA,GG,AA,AA,CC
ISKC6-2,GG,AC,AA,AA,GG,AA,AA,AA,AA,AA,AC,AA,AA,AG,GG,CC,GG,GG,AC,AA,AA,GG,AA,GG,AC,AG,GG,AG,CC,AG,CC,AA,AA,AA,AA,AA,AA,GG,AG,AG,AA,AC,CC
JEFF30-2,AG,AC,CC,GG,GG,GG,AG,AA,AA,AA,CC,AA,AC,GG,GG,CC,GG,GG,AA,AA,AC,AA,AA,AG,AA,AG,GG,AG,AC,AA,CC,AA,AA,AA,AA,CC,AA,AG,GG,GG,AG,AA,CC
KIMB16-6,GG,AC,AC,AG,GG,AG,GG,AG,AA,AG,CC,AG,AA,AA,AA,AA,AA,GG,AC,AA,AC,AG,AA,GG,AA,GG,GG,AG,CC,AA,CC,AA,AA,AC,AG,AA,AA,AG,GG,GG,AG,AA,AA
GLCB26-2,GG,AA,AC,AG,GG,AA,AG,AG,AA,AA,CC,AA,AA,AA,GG,CC,GG,GG,AA,AA,AA,AA,AA,GG,CC,GG,GG,AG,CC,GG,CC,AA,AA,AA,AA,AA,AA,GG,AG,GG,AA,AA,CC
HARB26-2,GG,CC,CC,GG,GG,AG,AA,AG,AA,AA,AC,AA,AA,AA,GG,CC,GG,GG,AA,AA,CC,AA,AA,GG,AA,GG,GG,AG,AC,GG,CC,AA,AA,AA,AA,AA,AA,GG,GG,GG,GG,AA,CC
HOMA21-1,GG,AA,AC,AG,AG,AG,AA,AA,AA,AA,CC,AG,AA,AA,GG,CC,GG,GG,AC,AA,AC,AA,AA,GG,AA,GG,GG,AA,CC,AG,CC,AA,AA,AA,AA,AA,AA,GG,AA,GG,AA,AA,CC
HOMB21-5,GG,AC,AC,AG,GG,AA,AA,AA,AA,AA,CC,AG,AA,AA,GG,CC,AG,GG,AA,AA,AC,AA,AA,GG,AA,AG,GG,GG,CC,AA,CC,AA,AA,AA,AA,AA,AC,AG,AG,GG,AA,AA,CC
HOMD21-3,GG,AA,AA,AA,AG,AG,AG,AA,AA,AA,CC,AA,AA,AA,GG,CC,GG,GG,AA,AA,AA,AA,AA,GG,AA,GG,GG,AA,CC,AA,CC,AG,AA,AA,AA,AA,AA,AG,AA,GG,AA,AA,CC
HOPG27-1,GG,AA,AC,AG,GG,AG,AA,AA,AA,AG,CC,AG,AA,GG,GG,CC,GG,GG,AA,AA,AA,AA,AA,GG,AC,GG,GG,AA,CC,AA,CC,AA,AA,AA,AA,AA,AA,AA,AG,GG,GG,AA,CC
IRVC7-5,GG,AC,AC,AG,AA,AG,AG,AA,AA,AG,CC,AG,AA,AG,AG,AC,AG,AG,AA,AA,AA,AG,AA,AG,AA,AG,GG,AA,CC,GG,CC,AA,AA,AA,AA,AA,AA,GG,GG,AG,AA,AA,CC
ISKC6-1,AG,CC,AC,AG,AG,AG,GG,AG,AG,AA,CC,AG,AA,AA,AG,AC,AG,GG,AC,AA,AC,AA,AA,GG,AA,AA,GG,AG,CC,AG,CC,AA,AA,AA,AA,AA,AA,GG,AG,AG,GG,AA,AC
JEFF30-1,GG,CC,CC,GG,GG,GG,AA,GG,AA,AG,CC,AA,AC,AA,GG,CC,GG,GG,AC,CC,AA,AA,AA,GG,AA,AA,GG,GG,AC,GG,CC,AA,AA,AA,AA,AC,AA,AG,GG,GG,GG,AA,CC
KIMB16-5,GG,AC,AA,AA,AG,AG,AG,GG,AA,AG,CC,GG,AA,AG,GG,CC,AG,AA,AA,AA,AC,AG,AA,GG,AC,GG,GG,AA,CC,AA,CC,AA,AG,AA,AA,AA,AA,GG,GG,GG,AA,AA,AA
GLCB26-1,GG,AA,CC,GG,GG,AA,AA,AG,AA,AA,AC,GG,AA,AA,GG,CC,GG,GG,AA,AA,AA,AA,AA,GG,AC,GG,GG,AA,CC,AA,AA,AA,AA,AA,AA,AA,AA,GG,AG,GG,AG,AA,CC
HARB26-1,AG,AA,CC,GG,GG,AG,AG,AA,AA,AA,CC,AA,AA,AA,GG,CC,GG,GG,AA,AA,AA,AA,AA,GG,AA,AG,AG,AA,CC,GG,CC,AA,AA,AA,AA,AA,AC,GG,GG,GG,AA,AC,CC
HARC26-4,GG,AA,AA,AA,GG,GG,AA,AA,AA,AA,AC,AG,AA,AG,GG,CC,GG,GG,AA,AA,AA,AA,AA,GG,AA,GG,AG,AG,CC,AA,CC,AA,AA,AA,AA,AA,AA,GG,AG,GG,AG,AA,CC
HIXN16-5,GG,AA,AC,AG,AG,AG,AG,AA,AA,AA,CC,GG,AA,AA,GG,CC,GG,AA,AC,AA,AA,GG,AA,GG,AA,AG,GG,GG,CC,AA,CC,AA,AA,AC,AG,AA,AA,GG,GG,GG,AG,AA,CC
HOMB21-4,GG,AC,AA,AA,GG,AG,AG,AA,AA,AA,CC,AG,AC,AA,GG,CC,GG,GG,AC,AA,AA,AA,AC,GG,AA,GG,GG,GG,CC,AG,CC,AA,AA,AA,AA,AA,AC,GG,AG,GG,GG,AA,CC
HOMD21-2,GG,AA,AA,AA,GG,AG,AG,AA,AA,AA,CC,AG,AA,AG,GG,CC,GG,GG,AA,AA,AA,AA,AA,GG,AA,GG,GG,AG,CC,AA,CC,AG,AA,AA,AA,AA,AA,GG,GG,GG,AA,AA,CC
HOPF27-5,GG,AC,AA,AA,GG,GG,AA,GG,AA,AA,AC,AG,AA,AG,GG,CC,GG,GG,AA,AA,AC,AA,AA,GG,AA,GG,AG,GG,AC,AG,CC,AA,AA,AA,AA,AA,AA,AA,GG,GG,GG,AA,CC
ISKA6-5,GG,CC,AA,AA,GG,AG,AA,AG,AA,AA,CC,AG,AA,AG,AG,AC,AG,GG,AA,AA,AC,AG,AA,AG,AC,AA,GG,GG,CC,AA,CC,AA,AA,AC,--,AA,AA,GG,AA,AG,GG,AA,CC
JASP30-5,AG,CC,CC,GG,GG,GG,AA,GG,AG,AA,CC,AA,AA,AG,GG,CC,GG,GG,AA,AC,AC,AA,AA,GG,AA,AA,AG,GG,CC,GG,CC,GG,AA,AA,AA,AC,AA,AG,GG,GG,GG,AA,CC
KIMB16-4,GG,AA,AC,AG,AG,AG,AG,AG,AA,GG,CC,GG,AA,AA,AG,AC,AG,GG,AC,AC,AC,AA,AA,GG,AA,AG,GG,AG,CC,AG,AC,AA,AG,AA,AA,AA,AA,GG,GG,GG,AG,AA,CC
GLCA26-1,AA,AA,AC,AG,GG,GG,AA,AA,AA,AA,CC,AA,AA,AA,AG,CC,GG,GG,AA,AA,AC,AA,AA,GG,AC,GG,GG,AA,CC,AG,CC,AA,AA,AA,AA,AA,AA,AG,AG,GG,AG,AC,CC
HARC26-3,GG,AC,AC,AG,GG,GG,AA,AA,AA,AA,CC,AG,AC,AA,GG,CC,GG,GG,AA,AA,AC,AG,AA,GG,AA,GG,AG,AA,CC,AG,CC,AA,AA,AA,AA,AA,AA,AG,GG,GG,AG,AA,CC
HIXN16-1,GG,CC,CC,GG,GG,AG,AA,AA,AA,AA,AC,GG,AA,AG,GG,CC,AG,AG,AC,AA,AA,GG,AA,GG,AC,AA,GG,AA,CC,AA,CC,AA,AA,AC,AG,AA,AA,AG,AG,AG,AA,AA,CC
HOMB21-3,GG,AC,CC,GG,GG,AA,AG,AA,AA,AA,CC,AG,AA,AA,GG,CC,GG,GG,AA,AA,AC,AA,AA,GG,AA,GG,GG,GG,CC,GG,CC,AA,AA,AA,AA,AA,AA,AG,AG,GG,AA,AA,AC
HOMD21-1,GG,AA,AC,AG,GG,AA,AA,AA,AA,AA,CC,AA,AC,AA,GG,CC,GG,GG,AA,AA,CC,AA,AA,GG,AC,AA,GG,AG,CC,AA,CC,AG,AA,AA,AA,AA,AA,GG,AA,GG,AG,AA,CC
HOPF27-4,GG,CC,AA,AA,GG,AG,AA,GG,AA,AA,AC,AA,AA,AA,GG,CC,GG,GG,AA,AA,AC,AA,AC,GG,AC,AG,GG,AA,CC,AG,CC,AA,AA,AA,AA,AA,AA,AA,GG,GG,GG,AA,CC
ISKA6-4,GG,CC,CC,GG,AG,AG,AA,AA,AA,AA,CC,AA,AA,AG,GG,CC,GG,GG,AA,AA,AA,AG,AA,GG,CC,AG,GG,AA,CC,AG,CC,AA,AA,AA,AA,AA,AA,AG,AG,GG,AA,AA,CC
JASP30-4,GG,CC,CC,GG,GG,GG,AG,GG,AG,AA,CC,AA,AC,AA,GG,CC,GG,GG,AA,CC,AA,AA,AC,GG,AA,AG,GG,GG,AC,GG,AC,AA,AA,AA,AA,CC,AA,AG,GG,GG,GG,AA,CC
KIMB16-3,GG,AC,AA,AA,GG,AA,AG,AG,AA,AG,CC,AG,AA,AA,AG,AC,AG,GG,AC,AA,AC,GG,AA,GG,AC,AA,GG,AG,CC,AA,CC,AA,AG,AC,AG,AA,AA,AG,GG,GG,AA,AA,AA
KLNE20-2,GG,AA,AC,AG,GG,AG,AA,AA,AA,AA,CC,AG,AA,AA,GG,CC,GG,GG,AA,AA,AA,AG,AA,GG,AA,GG,GG,GG,CC,AG,CC,AA,AA,AA,AA,AA,AA,GG,GG,AG,AG,AA,CC
KLNG20-6,GG,AA,AA,AA,GG,AG,AA,AG,AA,AA,CC,AA,AA,AG,GG,CC,GG,GG,AA,AA,AC,AA,AA,GG,AA,GG,GG,GG,CC,AG,CC,AA,AA,AA,AA,AA,AA,AA,GG,GG,GG,AA,CC
KTMB12-5,AG,AA,AC,AG,AG,AA,AG,GG,AG,AA,AA,AG,AA,AG,GG,CC,GG,GG,AA,AA,AC,AA,AC,AG,AA,AA,GG,AA,CC,AG,CC,AA,AG,AA,AA,AA,AA,GG,GG,GG,AG,AA,CC
LAFY30-1,AA,CC,CC,GG,GG,GG,AG,AG,AG,AA,CC,AA,AC,AG,GG,CC,GG,GG,AA,AC,AA,AA,AA,GG,AA,AA,AG,GG,CC,GG,CC,AG,AA,AA,AA,AC,AA,AG,GG,GG,GG,AA,CC
LILA26-5,GG,AC,AA,AA,GG,AA,AA,AA,AA,AA,CC,AG,AA,AA,AG,AC,GG,GG,AC,AA,AC,AG,AA,GG,CC,GG,GG,AG,CC,AG,AC,AA,AA,AC,AG,AC,AA,GG,AG,GG,AA,AA,CC
LILC26-3,GG,AC,AC,AG,GG,AG,AG,AA,AA,AA,CC,AA,AA,AG,GG,CC,GG,GG,AA,AA,CC,AA,AA,GG,AA,AA,AG,AG,CC,AG,CC,AG,AA,AA,AA,AA,AA,GG,AG,GG,AG,AA,CC
LNZK28-4,GG,AC,AC,AG,GG,GG,AA,AA,AA,AA,CC,AA,AA,AA,GG,CC,GG,GG,AC,AA,AA,AA,AA,AG,AA,GG,GG,AA,CC,AG,CC,AA,AA,AA,AA,AA,AA,AA,AG,GG,AA,AA,CC
MCFA20-2,GG,AA,AC,AG,GG,AG,GG,AA,AA,AA,AC,AG,AA,AA,GG,CC,GG,GG,AC,AA,AC,AA,AA,GG,AC,GG,GG,AA,CC,AA,CC,AA,AA,AA,AA,AA,AA,AG,AG,GG,AG,AC,CC
MCGR15-8,GG,AC,AA,AA,AG,AG,GG,AA,AA,AA,AC,AG,AA,AG,AA,AA,AG,AG,AC,AA,AA,AG,AA,GG,AA,AA,GG,GG,CC,GG,CC,AA,AG,AA,AA,AA,AA,GG,AG,AG,AA,AA,CC
MCHB19-3,AG,AC,AC,AG,GG,AA,AA,AA,AA,AA,CC,AA,AA,AA,GG,CC,GG,GG,AC,AA,AC,AG,AA,GG,AA,GG,AG,AG,CC,AG,CC,AA,AA,AA,AA,AA,AA,GG,GG,GG,AA,AA,CC
MEMA28-5,GG,CC,CC,GG,GG,AA,AA,GG,AA,AA,CC,AA,AA,AA,GG,CC,GG,GG,AA,AA,AC,AA,AA,GG,AC,GG,GG,GG,CC,AA,CC,AA,AA,AA,AA,AA,AA,GG,AG,GG,AG,AA,CC
NASD8-4,AA,AA,AC,AG,GG,AA,GG,AA,AG,AA,CC,AG,AA,AA,GG,CC,GG,GG,AC,AA,CC,AA,AC,GG,AA,AG,GG,AG,CC,AA,AC,AA,AA,AA,AA,AA,AA,GG,AA,GG,AG,AA,CC
KLNE20-1,GG,AA,AC,AG,AG,GG,AG,AA,AA,AA,CC,AA,AA,AA,GG,CC,GG,GG,AC,AA,AC,AA,AA,GG,AA,AG,GG,AG,CC,AA,CC,AA,AA,AC,AG,AA,AA,GG,GG,GG,AA,AC,CC
KTMA12-5,GG,AC,AA,AA,AG,AG,AA,GG,AA,AA,AC,AG,AA,AG,GG,CC,GG,GG,AA,AA,AA,AA,AA,AG,AA,GG,GG,AG,CC,GG,CC,AA,AA,AC,AG,AC,AA,GG,GG,GG,AG,AA,CC
LILA26-4,GG,AC,AC,AG,GG,AG,AA,AA,AA,AA,CC,AG,AC,AA,GG,CC,GG,GG,CC,AA,AA,AA,AA,GG,AC,GG,GG,AA,CC,AG,CC,AA,--,AC,AG,AA,AA,GG,GG,GG,AG,AA,CC
LILC26-2,GG,AA,CC,GG,GG,AG,AG,AG,AA,AA,CC,AA,AA,AG,GG,CC,GG,GG,AA,AA,AA,AA,AA,GG,AA,GG,GG,AA,CC,GG,CC,AG,AA,AA,AA,AA,AC,GG,AG,GG,AA,AA,CC
LNZK28-3,GG,AA,AA,AA,GG,GG,AA,AA,AA,AA,CC,AA,AA,AA,GG,CC,GG,GG,AC,AA,AC,AA,AC,GG,AA,AG,GG,AA,CC,AG,CC,AA,AA,AA,AA,AA,AA,GG,AG,GG,GG,AA,CC
MCFA20-1,GG,AA,AA,AA,AG,AA,AA,AA,AA,AA,CC,AA,AA,AG,AG,CC,GG,GG,AA,AA,AC,AA,AA,GG,AA,AG,GG,AG,CC,AA,CC,AA,AA,AC,AG,AC,AA,GG,AG,AG,AA,AA,CC
MCGR15-7,GG,AA,AC,AG,AG,AG,GG,AG,GG,AA,CC,AG,AA,AA,GG,CC,AG,AG,AA,AA,AC,GG,AA,GG,AA,AG,GG,AG,CC,GG,CC,AA,AA,AA,AA,AA,AA,GG,GG,GG,AG,AC,AC
MCHB19-2,AG,AC,AA,AA,GG,AG,AA,AA,AA,AA,CC,AA,AA,AA,GG,CC,AG,GG,CC,AA,CC,AA,AC,GG,AA,AG,GG,AG,CC,GG,CC,AA,AA,AA,AA,AA,AA,GG,AG,GG,AG,AA,CC
MEMA28-4,GG,CC,CC,GG,GG,AA,AA,AA,AA,AA,CC,AA,AA,AA,GG,CC,GG,GG,AA,AA,CC,AA,AA,GG,AA,GG,GG,AG,CC,AG,CC,AA,AG,AA,AA,AC,AA,GG,AA,GG,AG,AA,CC
NASD8-2,GG,AA,AA,AA,GG,AG,AA,AA,AG,AA,CC,AA,AA,AA,GG,CC,GG,GG,AA,AA,AA,AA,AA,GG,AA,AG,GG,GG,CC,AG,CC,AA,AA,AA,AA,AC,AA,GG,AG,GG,AG,AA,CC
KLNG20-5,AG,AC,AA,AA,GG,GG,AA,AA,AA,AA,CC,GG,AA,AA,GG,CC,GG,GG,AA,AA,AC,AA,AA,GG,AA,GG,GG,AA,CC,AA,CC,AA,AG,AA,AA,AA,AA,AG,AG,GG,GG,AA,CC
KLNG20-4,AG,AC,AC,AG,GG,AA,AA,AA,AA,AA,CC,AA,AA,AG,GG,CC,GG,GG,AA,AA,AC,AA,AA,GG,AA,AG,GG,AG,CC,AA,CC,AA,AA,AA,AA,AA,AA,GG,AG,GG,GG,AA,CC
KTMA12-4,GG,AA,AA,AA,GG,AA,AA,AA,AA,AA,AC,AA,AA,AA,GG,CC,GG,GG,AA,AA,AA,AA,AA,GG,AA,AG,AG,AG,CC,AG,CC,AA,AA,AA,AA,AA,AA,GG,GG,GG,AA,AA,CC
KTWF10-3,GG,AC,AC,AG,GG,AG,AG,AA,AA,AA,CC,AG,AC,AA,GG,CC,GG,GG,CC,AA,AA,AA,AA,GG,AA,AG,AG,AA,AC,AG,CC,AA,AA,AA,AA,AA,AA,GG,GG,GG,GG,AA,CC
LILC26-1,GG,AC,AA,AA,AG,GG,AG,AG,AA,AA,CC,AA,AA,AA,GG,CC,GG,GG,AC,AA,AA,AA,AA,GG,AA,AG,GG,AG,CC,AA,CC,AA,AA,AA,AA,AA,AA,GG,AG,GG,AG,AA,CC
LNZK28-2,GG,CC,AC,AG,GG,GG,AG,AA,AA,AA,CC,AG,AA,AG,GG,CC,GG,GG,AC,AA,AA,AA,AA,AA,AA,GG,GG,AG,AC,AG,CC,AA,AA,AA,AA,AA,AC,GG,AG,GG,GG,AA,CC
LONG29-5,GG,AA,AC,AG,GG,GG,AA,GG,AG,AG,CC,AA,AA,AG,GG,CC,GG,GG,AA,AA,AA,AA,AA,AG,AC,GG,AG,GG,AC,GG,CC,AA,AA,AA,AA,AA,AC,AG,AG,GG,AA,AA,CC
MCGR15-6,GG,AC,AC,AG,GG,AA,AG,AG,AA,AA,CC,AG,AA,AA,AG,AC,AG,AA,AC,AA,AC,AA,AA,GG,AA,AG,GG,AG,CC,AA,CC,AA,AG,AA,AA,AA,AA,GG,GG,AG,AG,AC,AC
MCHB19-1,AA,AA,AC,AG,AG,AG,GG,AA,AA,AA,CC,AG,AA,AA,GG,CC,GG,GG,AC,AA,AC,AA,AA,GG,AA,GG,GG,AG,CC,AG,CC,AA,AA,AA,AA,AA,AA,AG,GG,AG,AA,AA,CC
MEMA28-3,GG,AA,AA,AA,GG,AG,AA,AA,AA,AA,CC,AG,AA,AA,GG,CC,AG,GG,AA,AA,AC,AA,AA,GG,AA,GG,GG,GG,CC,AA,CC,AA,AA,AA,AA,AA,AA,GG,AA,GG,AG,AA,CC
NASC8-5,GG,CC,AA,AA,AG,GG,AA,AA,GG,AA,CC,AG,AA,AA,GG,CC,AG,GG,AA,AA,AC,AA,AA,GG,CC,GG,GG,AG,CC,AA,AC,AA,AG,AC,AG,AA,AA,GG,AA,AG,AG,AA,CC
KLND20-3,GG,AC,AA,AA,GG,AG,AA,AA,AA,AA,AC,AG,AA,AA,GG,CC,GG,GG,AA,AA,AC,AA,AA,GG,AA,GG,GG,AG,CC,AA,CC,AA,AG,AA,AA,AA,AA,AG,AG,GG,AG,AA,CC
KLNG20-2,AG,AA,AA,AA,GG,AG,AG,GG,AA,AA,CC,AG,AA,AA,GG,CC,GG,GG,AC,AA,AA,AA,AA,GG,AA,AA,GG,AG,AC,AA,CC,AA,AA,AA,AA,AA,AC,GG,GG,GG,AA,AA,CC
KTMA12-3,GG,AC,AA,AA,AA,AG,GG,AG,AA,AA,CC,AG,AA,AA,GG,CC,GG,GG,AA,AA,AA,AA,AC,GG,AA,AG,GG,AA,CC,AG,AC,AA,AG,AA,AA,AA,AA,GG,GG,GG,AA,AA,CC
KTSG10-5,GG,AC,AC,AG,AG,AG,AA,AA,AA,AA,CC,AA,AA,AA,GG,CC,GG,AG,AC,AA,AC,AA,AA,GG,AC,AA,AG,AG,CC,AA,CC,AA,AA,AC,AG,AA,AA,GG,GG,AG,AG,AA,CC
LILA26-2,GG,AC,AC,AG,GG,AA,AA,AG,AA,AA,CC,AA,AA,AA,AG,CC,GG,GG,AA,AA,AC,AA,AA,GG,AA,GG,GG,AG,CC,AA,CC,AA,AG,AA,AA,AA,AA,GG,GG,GG,AA,AA,CC
LILB26-5,GG,AA,AA,AA,GG,AA,AA,AA,AA,AA,CC,AA,AA,AG,GG,CC,GG,GG,AC,AA,AA,AA,AA,GG,AA,AG,GG,AG,CC,AA,CC,AA,AA,AA,AA,AA,AC,GG,AG,GG,GG,AA,CC
LILD26-5,GG,AC,AC,AG,GG,GG,AA,AG,AA,AA,CC,AA,AA,AA,GG,CC,GG,GG,AA,AA,AC,AA,AA,GG,AC,GG,GG,AA,CC,AG,CC,AA,AA,AA,AA,AA,AA,AG,AA,GG,AA,AA,CC
MCGR15-4,GG,AA,AA,AA,AG,GG,AA,AA,AG,AG,CC,AG,AA,AG,GG,CC,GG,AG,AC,AA,AC,AA,AA,GG,AC,AA,GG,GG,CC,AG,CC,AA,AA,AA,AA,AA,AA,GG,GG,GG,AG,AA,AC
MCHA19-5,AG,CC,AC,AG,AG,AA,AG,AA,AA,AA,AC,AG,AA,AA,GG,CC,GG,GG,AA,AA,CC,AA,AA,GG,AA,GG,AG,AG,CC,AG,CC,AA,AA,AA,AA,AA,AA,AG,AG,GG,AA,AA,CC
MEMA28-1,AG,AC,AA,AA,AG,AA,AG,AG,AA,AA,CC,AG,AA,AA,GG,CC,GG,GG,AA,AA,AC,AA,AA,GG,AA,GG,GG,AA,CC,AG,CC,AA,AA,AA,AA,AA,AA,GG,AA,GG,AA,AA,CC
NASC8-2,AG,AA,AC,AG,GG,AA,AA,AG,AA,AA,CC,GG,AA,AA,GG,CC,GG,GG,AA,AA,CC,AG,AA,GG,AA,AG,AG,AA,CC,AG,AC,AA,AA,AA,AA,AC,AA,GG,AA,GG,GG,AA,CC
KLND20-2,GG,CC,AA,AA,GG,AG,AG,AA,AA,AA,CC,AG,AA,AA,GG,CC,GG,GG,AA,AA,AA,AA,AA,GG,AA,GG,GG,AG,AC,AG,CC,AA,AA,AC,AG,AA,AA,GG,AA,GG,AG,AA,CC
KLNG20-1,AG,AC,AA,AA,AG,AA,AA,AA,AA,AA,CC,AG,AA,AG,GG,CC,GG,GG,AA,AA,AC,AA,AC,GG,AA,AG,GG,GG,CC,AA,AC,AA,AA,AA,AA,AC,AA,GG,AG,GG,AA,AA,CC
KTMA12-2,GG,CC,AC,AG,GG,AA,AG,AG,AA,AA,CC,AG,AA,AG,GG,CC,GG,GG,AA,AA,AC,AA,AC,GG,AA,AA,GG,GG,CC,GG,CC,AA,AG,AC,AG,AA,AA,GG,AG,GG,AA,AA,CC
KTMC12-5,GG,CC,AC,AG,AA,AG,AG,AG,AG,AA,AC,AG,AA,AG,GG,CC,GG,GG,AA,AA,CC,AA,AC,AG,AC,AA,AG,AA,CC,GG,CC,AA,AA,AC,AG,AA,AA,GG,AG,GG,AG,AA,CC
LILB26-4,GG,AA,AC,AG,GG,AA,AG,AA,AA,AA,CC,AA,AA,AG,GG,CC,GG,GG,AA,AA,AC,AG,AA,GG,AC,GG,AG,AG,CC,AG,CC,AA,AA,AA,AA,AA,AA,GG,GG,GG,AG,AA,CC
LILD26-4,GG,AA,AA,AA,GG,GG,AG,AA,AA,AA,CC,AA,AA,AA,GG,CC,GG,GG,AC,AA,AC,AA,AA,GG,AA,AG,AG,AG,CC,AA,CC,AA,AA,AA,AA,AA,AC,GG,AG,GG,AG,AA,CC
MCFA20-6,GG,AA,AC,AG,GG,AG,GG,AG,AA,AA,AC,AG,AA,AA,GG,CC,GG,GG,AA,AA,CC,AA,AA,GG,AC,GG,GG,AA,CC,AA,CC,AA,AA,AA,AA,AC,AA,AG,GG,GG,AA,AA,CC
MCHA19-4,AA,AC,AC,AG,GG,AG,AA,AA,AA,AA,CC,AG,AA,AA,GG,CC,GG,GG,AA,AA,CC,AA,AA,GG,AA,AG,GG,GG,CC,GG,CC,AA,AA,AA,AA,AA,AA,AA,AG,GG,AA,AA,CC
MCMN27-5,GG,CC,AA,AA,GG,AG,AA,AG,AA,AA,AC,AA,AA,AA,GG,CC,GG,GG,AA,AA,AC,AA,AC,GG,AC,AG,GG,GG,AC,AG,CC,AG,AA,AA,AA,AA,AA,GG,GG,GG,AA,AA,CC
MTSM27-5,GG,AA,CC,GG,GG,GG,AG,AG,AA,AA,CC,AA,AC,AA,GG,CC,GG,GG,AA,AA,AA,AA,AA,GG,AA,GG,GG,GG,--,AG,CC,AA,AA,AA,AA,AA,AA,AG,GG,GG,AA,AC,CC
KLND20-1,GG,CC,AA,AA,AG,AA,AA,AA,AG,AA,CC,AA,AA,AA,GG,CC,GG,GG,AA,AA,AA,AA,AA,GG,AA,AG,GG,AG,CC,AA,CC,AA,AA,AA,AA,AA,AA,GG,AG,GG,GG,CC,CC
KLNE20-5,GG,CC,AC,AG,GG,AA,AA,AG,AA,AA,CC,AA,AA,AA,GG,CC,GG,GG,AA,AA,AC,AA,AA,GG,AC,GG,GG,AG,CC,AG,CC,AA,AA,AA,AA,AA,AA,GG,AG,GG,AG,CC,CC
KTMA12-1,GG,CC,CC,GG,GG,AA,AG,AA,AA,AA,CC,AA,AA,AG,GG,CC,GG,GG,AA,AA,AA,AA,AA,GG,AA,GG,GG,AG,--,AG,CC,AA,AA,AA,AA,AA,AA,GG,AG,GG,GG,AA,CC
KTMC12-3,AG,AC,AC,AG,GG,AG,AA,AG,AA,AA,AC,AA,AA,--,GG,CC,GG,GG,AA,AA,AA,AA,AA,GG,AA,GG,GG,AG,AC,AG,CC,AA,AA,AA,AA,AA,AA,AG,GG,GG,AA,AA,CC
LAFY30-5,AG,CC,CC,GG,GG,GG,AG,GG,AA,AG,CC,AA,AA,GG,AG,CC,GG,GG,AC,AC,AA,AA,AA,AG,AA,AA,AA,GG,CC,GG,CC,AA,AA,AA,AA,AA,AA,AG,GG,GG,GG,AA,CC
LILB26-3,GG,AA,AC,AG,AG,GG,AA,AA,AG,AA,CC,AA,AA,AG,GG,CC,GG,GG,AC,AA,CC,AA,AA,GG,AC,GG,AG,AG,CC,AA,CC,AA,AA,AA,AA,AA,AA,GG,GG,GG,GG,AA,CC
LILD26-3,AG,AC,--,AA,GG,AA,AA,AA,AA,AA,CC,GG,AA,AG,GG,CC,GG,GG,AC,AA,AC,AA,AC,GG,AC,AG,GG,AG,AC,AA,CC,AA,AA,AA,AA,AA,AC,GG,AG,GG,AG,AA,CC
LONG29-2,GG,AA,CC,GG,GG,GG,AA,AG,AA,AG,CC,AA,AA,GG,AG,CC,GG,GG,AC,AA,AA,AA,AC,GG,AA,AA,AG,AG,--,AG,CC,AA,AA,AA,AA,AA,AC,GG,GG,GG,GG,AA,CC
MCHA19-3,AG,AC,AC,AG,AG,AG,AA,AA,AA,AA,CC,AA,AA,AG,GG,CC,GG,GG,AA,AA,CC,AA,AA,GG,AA,AG,GG,AG,CC,GG,CC,AA,AA,AA,AA,AA,AA,GG,AG,GG,GG,AA,CC
MCMN27-3,AG,AC,AA,AA,GG,AG,AA,AA,AA,AA,CC,AA,AA,AA,GG,CC,GG,GG,AA,AA,AA,AA,AC,AG,AC,AG,AG,AA,CC,AA,CC,AA,AA,AA,AA,AA,AA,GG,GG,GG,AA,AA,CC
KLNC20-2,GG,AC,AA,AA,GG,GG,AA,GG,AA,AA,CC,AA,AA,AA,GG,CC,GG,GG,CC,AA,AA,AG,AA,GG,AC,AA,GG,GG,CC,AA,CC,AA,AA,AA,AA,AA,AA,GG,AG,GG,AG,AA,CC
KLNE20-4,AG,AA,AC,AG,GG,AA,AG,--,AG,AA,CC,AG,AA,AG,GG,CC,GG,GG,AA,AA,AC,AA,AA,GG,AA,--,GG,AA,CC,AA,CC,AA,AA,AA,AA,AA,AC,GG,AG,GG,AG,AA,CC
KSPA9-3,GG,AC,AA,AA,AA,GG,AG,AA,AA,AA,CC,AG,AA,AG,GG,CC,GG,GG,AA,AA,AA,AA,AA,GG,AC,AG,GG,AA,CC,AG,AC,AA,AG,AC,AG,AA,AA,GG,AG,GG,GG,AA,AC
KTMC12-2,GG,AA,AC,AG,AA,GG,AG,AG,AG,AA,AC,AG,AA,AG,GG,CC,GG,GG,AC,AA,AA,AA,AC,AG,AA,AA,GG,AG,CC,AA,CC,AA,AG,AC,AG,AA,AA,GG,AA,GG,AG,AA,CC
LAFY30-3,GG,CC,CC,GG,GG,GG,AA,GG,AA,AG,CC,AA,AA,AG,GG,CC,GG,GG,AC,AA,AA,AA,AA,GG,AA,AG,AA,GG,AC,AG,CC,AA,AA,AA,AA,AC,AA,AG,GG,GG,GG,AA,CC
LILB26-2,GG,AA,AC,AG,GG,GG,AA,GG,AA,AA,CC,GG,AA,AG,GG,CC,GG,GG,AA,AA,AA,AA,AA,GG,AA,AG,AG,AG,CC,AG,CC,AA,AA,AA,AA,AA,AA,GG,AG,GG,GG,AA,CC
LILC26-5,GG,AA,--,AG,GG,AG,AA,AG,AA,--,CC,AA,AA,--,GG,CC,GG,GG,AA,AA,AA,AG,AA,--,AA,GG,--,AG,AC,AG,--,AA,AA,AA,AA,AA,AA,GG,GG,GG,AG,AA,CC
LONG29-1,GG,AA,AC,AG,GG,AG,AA,AG,AA,AA,CC,AA,AA,--,GG,CC,GG,GG,AC,AA,AA,AA,AC,GG,AC,AA,GG,GG,CC,AG,CC,AA,AA,AA,AA,AA,AC,GG,GG,GG,AG,AA,CC
MCFA20-4,GG,AA,AC,AG,GG,AG,GG,AA,AA,AA,CC,AG,AA,AA,GG,CC,GG,GG,AC,AA,AC,AA,AA,GG,AA,AA,GG,GG,CC,AA,CC,AA,AA,AA,AA,AC,AA,GG,AG,GG,AG,AA,CC
MCHB19-5,AA,AA,AC,AG,GG,GG,AG,AA,AA,AA,CC,AG,AA,AG,GG,CC,GG,GG,AC,AA,AC,AA,AA,GG,AC,GG,AG,GG,CC,AA,CC,AA,AA,AA,AA,AA,AA,AG,GG,GG,GG,AA,CC
KLNB20-3,GG,AC,AA,AA,GG,AG,AG,AA,AA,AA,CC,AA,AC,AA,GG,CC,GG,GG,AC,AA,AA,AA,AA,GG,AA,GG,GG,GG,CC,AA,CC,AA,AA,AA,AA,AA,AA,GG,AG,GG,AG,AA,CC
KLNE20-3,GG,CC,CC,GG,AG,AG,AG,AA,AA,AA,CC,GG,AA,AA,GG,CC,GG,GG,AC,AA,CC,AG,AA,GG,AA,GG,GG,AG,CC,AA,CC,AA,AA,AA,AA,AA,AA,GG,AG,GG,AG,AA,CC
KLNG20-7,GG,AA,AA,AA,GG,GG,AA,AA,AA,AA,CC,AA,AA,AA,GG,CC,GG,GG,AA,AA,CC,AA,AA,GG,AA,AG,GG,AG,AC,AA,CC,AA,AA,AA,AA,AA,AA,AG,GG,GG,AG,AA,CC
KTMC12-1,GG,CC,AC,AG,AG,GG,AG,GG,AG,AA,AA,AG,AA,AA,GG,CC,GG,GG,AA,AA,AC,AA,AA,AG,AA,AA,AG,AG,CC,AA,CC,AA,AG,AA,AA,AC,AA,GG,AG,AG,AG,AA,CC
LAFY30-2,AG,CC,CC,GG,GG,GG,AG,GG,AA,AG,CC,AA,AA,GG,GG,CC,GG,GG,AA,AA,AA,AA,AA,GG,AA,AA,GG,GG,AC,GG,CC,AA,AA,AA,AA,AC,AA,GG,GG,GG,GG,AC,CC
LILB26-1,GG,CC,AC,AG,GG,AG,AG,GG,AA,AA,CC,AG,AA,AA,GG,CC,GG,GG,AA,AA,AC,AA,AA,GG,AA,GG,GG,GG,CC,AA,CC,AA,AA,AA,AA,AA,AA,GG,AG,GG,AG,AA,CC
LNZK28-5,GG,AC,AC,AG,GG,GG,AG,AG,AA,AA,CC,AG,AA,AA,GG,CC,GG,GG,AC,AA,AA,AA,AA,GG,AA,AG,GG,AG,CC,AA,CC,AA,AA,AA,AA,AA,AA,GG,AG,GG,AA,AA,CC
MCFA20-3,GG,AC,AA,AA,GG,AG,GG,AG,AA,AA,CC,AA,AA,AA,AG,CC,GG,GG,AA,AA,CC,AA,AA,GG,AC,AG,GG,AG,CC,AA,CC,AA,AA,AA,AA,AC,AA,AG,AA,GG,AG,AC,CC
MCHB19-4,AA,AC,AA,AA,AG,AG,AA,AG,AA,AA,CC,AA,AA,AG,GG,CC,GG,GG,AC,AA,AC,AA,AA,GG,AA,AG,GG,AG,CC,AA,CC,AA,AA,AA,AA,AA,AA,GG,GG,AG,AG,AA,CC
MTSM27-1,AG,AA,AC,AG,GG,GG,AG,AA,AA,AA,AA,AA,AA,AG,GG,CC,GG,GG,AA,AA,AA,AA,AA,GG,AA,AG,GG,AG,CC,GG,CC,AA,AA,AA,AA,AA,AC,GG,GG,GG,GG,AA,CC
NBON29-4,AA,AC,CC,GG,GG,AG,AA,AA,AG,AA,AC,AA,AA,AG,GG,CC,GG,GG,AC,AA,AA,AA,AA,GG,AA,AA,AG,GG,CC,AA,CC,AA,AA,AA,AA,AA,AC,GG,AG,GG,AG,AA,AA
NHTB27-2,GG,AC,AC,AG,AG,GG,AA,AG,AG,AG,CC,AG,AA,AA,GG,CC,GG,GG,AC,AC,AA,AA,AA,GG,AA,AA,GG,AG,CC,AG,CC,AA,AA,AA,AA,AA,AC,AA,GG,GG,AG,AA,CC
PHLA22-1,GG,AA,AC,AG,GG,AG,AA,AA,AA,AA,CC,AA,AA,AA,GG,CC,GG,GG,CC,AA,CC,AA,AA,GG,AA,GG,AG,AA,CC,AG,CC,AA,AA,AA,AA,AA,AA,GG,GG,GG,GG,AA,CC
PHLC22-4,GG,AA,AC,AG,GG,AG,AG,AG,AA,AA,CC,AA,AA,AA,GG,CC,GG,GG,AA,AA,CC,AA,AA,GG,AA,GG,GG,AA,CC,AG,CC,AA,AA,AA,AA,AA,AC,GG,GG,GG,AG,AA,CC
QAUS16-1,GG,AC,AC,AG,AG,AA,GG,AG,AA,AA,CC,GG,AA,AG,AG,AC,AG,AG,AC,AA,AA,AG,AA,GG,AA,AG,GG,GG,CC,GG,CC,AA,AG,AC,AG,AA,AA,GG,AA,GG,AA,AA,CC
QCTN16-1,GG,AC,CC,GG,AG,AG,AA,AG,AA,AG,AC,AA,AA,AA,AG,AC,AG,AG,AC,AA,AC,AG,AA,GG,AA,AA,GG,GG,CC,AG,CC,AA,AG,AC,AG,AA,AC,GG,GG,GG,AG,AA,CC
QLKE16-1,GG,AA,AC,AG,GG,AG,GG,AG,AA,AA,CC,GG,AA,AA,AG,AC,AG,GG,AA,AC,AA,GG,AA,GG,AA,AA,AG,AG,CC,AA,CC,AA,AA,AC,AG,AC,AC,GG,GG,GG,AA,AA,AC
SHEL15-6,GG,AA,AC,AG,GG,AG,AG,AG,AA,AA,CC,GG,AA,AG,GG,CC,GG,GG,AC,AA,AA,AG,AA,AG,AA,AA,GG,AA,CC,AG,CC,AA,AA,AA,AA,AC,AA,GG,AA,GG,AA,AA,CC
SKNL10-3,GG,CC,CC,GG,AG,AG,AA,GG,AA,AA,CC,AG,AA,AG,GG,CC,GG,GG,AC,AA,AC,AA,AA,GG,AA,AG,AG,AG,CC,AA,CC,AA,AG,AA,AA,AA,AA,GG,GG,GG,AG,AA,CC
SKNN10-5,AG,AC,AC,AG,GG,AG,AA,AG,AA,AA,CC,AG,AA,AA,GG,CC,GG,GG,AC,AA,AA,AA,AA,GG,AC,AG,GG,GG,CC,AG,CC,AA,AA,AC,AG,AA,AA,GG,AG,GG,AA,AA,CC
SKNC10-4,GG,AC,AC,AG,AG,AG,AA,AG,AA,AA,AC,AG,AA,AA,GG,CC,GG,GG,AA,AA,AA,AA,AA,GG,AA,AG,GG,GG,CC,AG,CC,AA,AG,AA,AA,AA,AC,GG,GG,GG,AG,AA,CC
SKWE24-1,GG,AA,AA,AA,AA,AA,AG,AA,AA,AA,CC,AA,AA,AA,GG,CC,GG,GG,AC,AA,CC,AA,AA,GG,AA,GG,AG,GG,CC,AG,CC,AA,AG,AA,AA,AA,AA,GG,AG,GG,GG,AA,CC
NBON29-2,AG,AC,CC,GG,GG,AA,AA,AA,GG,AA,CC,AG,AA,AG,GG,CC,GG,GG,AC,AA,AA,AA,CC,GG,AA,AA,AG,GG,CC,GG,CC,AG,AA,AA,AA,AA,AA,AG,GG,GG,AG,AA,AC
NHTB27-1,AG,CC,AA,AA,GG,AA,AG,AG,AA,AA,AC,AA,AA,AA,GG,CC,GG,GG,CC,AC,AC,AG,AA,GG,AA,AG,GG,AA,CC,AG,CC,AA,AA,AA,AA,AA,AA,GG,GG,GG,AG,AA,CC
PHLC22-3,GG,AA,CC,GG,GG,AA,AA,AA,AA,AA,CC,AG,AA,AA,GG,CC,GG,GG,AA,AA,AC,AA,AA,GG,AA,GG,GG,AG,CC,AA,CC,AA,AA,AA,AA,AA,AA,GG,GG,GG,AA,AA,CC
QBKR16-5,GG,AC,AA,AA,AG,GG,AG,AG,AA,AG,CC,GG,AA,AA,AG,AC,AG,GG,CC,AA,CC,AG,AA,GG,AA,AG,GG,AA,CC,AA,CC,AA,AG,AC,AG,AC,AA,GG,AG,GG,AG,AA,CC
QFRS16-5,GG,AC,AA,AA,GG,AG,AG,AA,AG,AA,CC,GG,AA,AA,GG,CC,GG,AG,CC,AA,CC,AG,AA,GG,AA,GG,GG,AG,CC,AA,CC,AA,AA,AA,AA,AA,AA,GG,GG,GG,AG,AA,AC
SHEL15-5,GG,AC,AA,AA,GG,AG,AA,AA,AA,AA,AC,AA,AA,AA,GG,CC,AG,GG,AA,AA,AA,AG,AA,GG,AA,AG,AG,GG,AC,AA,AC,AA,AA,AA,AA,AC,AC,GG,GG,GG,AA,AA,CC
SKNL10-1,GG,AC,AC,AG,AG,GG,AG,AG,AA,AA,AC,AG,AA,AA,GG,CC,GG,GG,AA,AC,AA,AA,AA,GG,AC,AG,GG,GG,CC,AA,CC,AA,AA,AC,AG,AA,AA,AG,AA,AG,GG,AA,CC
SKNP10-8,GG,CC,AA,AA,GG,AG,AG,AA,AA,AA,CC,AG,AA,AA,GG,CC,GG,GG,AA,AA,AA,AA,AA,GG,AC,AG,GG,AA,CC,GG,CC,AA,AA,AA,AA,AA,AA,AG,GG,GG,AG,AA,CC
SKWC24-1,AG,AC,AA,AA,GG,AA,AG,AG,AA,AA,CC,AG,AA,AA,GG,CC,GG,GG,AA,AA,AA,AA,AA,GG,AA,GG,AG,AG,CC,GG,AC,AA,AG,AA,AA,AA,AA,GG,GG,GG,AG,AA,CC
NBON29-1,AG,AA,AC,AG,GG,GG,AG,AG,AA,AA,CC,AA,AA,AA,AG,CC,GG,GG,AA,AA,AA,AA,AA,GG,AA,AA,AG,AG,CC,AA,CC,AG,AA,AA,AA,AC,AA,GG,AG,GG,GG,AA,CC
NHTA27-5,GG,AA,AA,AA,GG,GG,AG,AA,AA,AA,CC,AG,AA,AA,GG,CC,GG,GG,AA,AC,CC,AA,AA,AG,AA,AG,GG,GG,CC,AA,CC,AA,AA,AA,AA,AA,AA,GG,GG,GG,AG,AA,CC
PHLC22-2,GG,AC,AC,AG,GG,AA,AA,AG,AA,AA,CC,AA,AA,AA,GG,CC,GG,GG,AA,AA,CC,AA,AA,GG,AA,GG,AG,AG,CC,AG,CC,AA,AA,AA,AA,AA,AA,GG,GG,GG,AG,AA,CC
QBKR16-4,GG,AA,CC,GG,GG,GG,GG,AG,AA,GG,CC,AG,AA,AA,GG,CC,GG,GG,AC,AA,AC,AA,AA,GG,AA,AG,GG,AG,CC,AA,CC,AA,AA,AA,AA,AA,AA,GG,AA,AG,AA,AA,CC
QFRS16-4,GG,AC,CC,GG,AG,AG,AA,AG,AA,AG,AA,GG,AA,AG,AG,AC,AG,AG,AC,AA,AC,AG,AA,GG,AA,AG,GG,AA,CC,AA,CC,AA,AG,AA,AA,AC,AA,GG,AA,GG,AG,AC,CC
SHEL15-4,GG,CC,AC,AG,GG,GG,AG,AA,AA,AA,CC,AG,AA,AA,AA,AA,AA,AG,AC,AA,AC,AG,AC,GG,AA,GG,GG,AG,AC,AA,CC,AG,AG,AC,--,AA,AA,GG,AG,GG,GG,AA,AC
SKND10-2,AG,CC,CC,GG,GG,AA,AG,AA,AA,AA,AC,AA,AC,AA,GG,CC,GG,GG,AA,AA,AA,AA,AA,GG,AC,AG,GG,GG,AC,AA,CC,AA,AA,AA,AA,AA,AC,GG,GG,GG,AG,AA,CC
SKNN10-2,GG,AC,AC,AG,GG,AG,AA,AA,AG,AA,CC,AA,AC,AA,GG,CC,GG,GG,AC,AA,AA,AA,AA,GG,AC,GG,GG,GG,CC,AG,AA,AG,AA,AA,AA,AA,AC,GG,GG,GG,AA,AA,CC
SKNP10-4,GG,AC,AC,AG,GG,AA,AA,AA,AA,AA,AC,AG,AA,AA,GG,CC,GG,GG,AA,AA,AA,AA,AA,GG,AA,AA,GG,AA,CC,AG,CC,AA,AA,AC,AG,AC,AA,GG,GG,GG,AG,AA,CC
SKWB24-4,GG,AA,AA,AA,GG,AA,AG,AG,AA,AA,AC,AG,AA,AA,GG,CC,GG,GG,AA,AA,CC,AA,AA,GG,AC,GG,GG,AG,CC,GG,AC,AA,AA,AA,AA,AA,AA,GG,GG,GG,AA,AA,CC
NASH8-5,GG,AC,AC,AG,GG,AG,AA,AA,AA,AA,CC,AG,AC,AA,GG,CC,GG,GG,AC,AA,AA,AA,AA,GG,AA,GG,AG,AG,CC,AG,CC,AA,AA,AA,AA,AA,AC,GG,AG,GG,AG,AA,CC
NHTA27-3,GG,AC,AA,AA,GG,AA,AG,AA,AA,AA,CC,GG,AA,AA,AG,AC,AG,GG,CC,CC,AA,AA,AA,GG,AA,AA,GG,AG,CC,AG,CC,AA,AA,AA,AA,AA,AA,AG,GG,GG,AG,AA,CC
NPLN30-3,AG,AC,AC,AG,GG,AG,AG,AA,AA,AA,CC,AA,AA,AG,GG,CC,GG,GG,AC,AA,AA,AA,AA,AG,AA,AA,AG,GG,CC,GG,CC,AG,AA,AA,AA,AC,AA,GG,GG,GG,GG,AA,CC
PHLC22-1,GG,AC,AC,AG,GG,GG,AG,AA,AA,AA,CC,AA,AA,AA,GG,CC,AG,GG,AA,AA,CC,AA,AA,GG,AA,GG,AG,AG,CC,AG,CC,AA,AA,AA,AA,AA,AA,GG,GG,GG,AA,AA,CC
QBKR16-3,GG,CC,AC,AG,AG,AA,GG,AA,AA,AA,CC,AA,AA,AA,AG,AC,AG,AA,AC,AA,AC,AG,AA,GG,AA,AG,AG,GG,CC,AG,CC,AA,AA,AA,AA,AA,AA,GG,AA,AG,AG,AC,AC
QFRS16-3,GG,AA,AA,AA,GG,AA,AA,AA,AG,AA,CC,GG,AA,AG,AG,AC,AG,AG,AA,AA,AC,AA,AA,GG,AC,AG,GG,GG,CC,AA,CC,AA,AG,AA,AA,AA,AA,GG,GG,GG,AA,AA,AA
SHEL15-3,GG,AC,AC,AG,AG,AA,AG,AA,AA,AG,CC,AG,AA,AA,AA,AA,AA,AG,AA,AC,AA,AG,AC,GG,AA,AA,GG,GG,CC,AG,CC,AA,AG,AA,AA,AA,AA,GG,AG,GG,AA,AC,AA
SKNP10-3,GG,AA,AC,AG,AG,AA,AA,AA,AA,AA,AA,AG,AA,AA,GG,CC,GG,GG,AC,AA,AC,AA,AA,AG,AC,AA,AG,GG,CC,AA,AC,AA,AA,AC,AG,AA,AA,GG,GG,AG,AG,AA,CC
SKWB24-3,GG,AA,AA,AA,GG,GG,AA,AG,AA,AA,CC,AA,AC,AA,GG,CC,GG,GG,AA,AA,AC,AA,AA,GG,AA,GG,GG,AG,CC,AA,CC,AA,AG,AA,AA,AA,AA,GG,GG,GG,AG,AA,CC
NASH8-4,AG,AC,AA,AA,AA,AG,AG,AG,AA,AA,CC,AA,AA,AG,GG,CC,GG,GG,AA,AA,AA,AA,AA,GG,AC,AG,GG,AA,CC,AA,AC,AA,AA,AA,AA,AA,AC,GG,AG,GG,AA,AA,AC
NHTA27-2,GG,AC,AA,AA,GG,AG,AA,AA,AA,GG,CC,AA,AA,AA,GG,CC,GG,GG,AA,AC,AC,AA,AA,GG,AC,GG,GG,AG,CC,AA,CC,AA,AA,AA,AA,AC,AC,GG,GG,GG,AG,AA,CC
NKND3-2,GG,CC,AA,AA,AA,AG,AA,AG,AA,GG,CC,GG,AA,AA,GG,CC,AG,AG,CC,AC,AA,GG,AA,GG,AC,AG,GG,AA,CC,AG,AC,AA,AG,AC,AG,AA,AC,GG,AG,AG,GG,AC,CC
PHLA22-5,GG,AA,AC,AG,AG,AG,AG,AA,AA,AA,AC,AA,AA,AA,GG,CC,GG,GG,AC,AA,CC,AA,AA,GG,AA,GG,GG,AA,CC,AG,CC,AA,AA,AA,AA,AA,AA,GG,GG,GG,AG,AA,CC
QBKR16-2,GG,AC,CC,GG,AG,AG,AA,AG,AG,AA,CC,GG,AA,AG,AG,AC,AG,GG,AA,AA,CC,AG,AA,GG,AC,AA,AG,AG,CC,AA,CC,AA,AA,AC,AG,AA,AA,GG,GG,GG,AG,AC,AA
QFRS16-2,GG,AA,AC,AG,GG,AA,AA,AG,AA,AA,CC,AG,AA,AA,GG,CC,GG,GG,AA,AA,AA,AA,AA,GG,AC,AG,GG,GG,CC,AG,CC,AA,AA,AA,AA,AA,AA,GG,GG,GG,AG,AC,AA
SHEL15-2,GG,AC,AC,AG,AG,AG,AG,AG,AA,AA,CC,GG,AA,AA,GG,CC,AG,AG,AC,AA,AC,GG,AA,GG,AA,AA,AA,AA,CC,AA,CC,AA,AG,AA,AA,AA,AA,GG,AG,AG,AG,AC,AC
SKNC10-2,GG,AC,AC,AG,AA,AG,AA,AA,AA,AG,CC,AA,AA,AA,GG,CC,GG,GG,AC,AA,AC,AA,AC,AG,AA,AG,GG,GG,CC,AA,CC,AA,AA,AC,AG,AA,AA,GG,GG,AG,AA,AA,CC
SKWB24-2,GG,AC,AA,AA,GG,AA,GG,AG,AA,AA,CC,AA,AC,AA,GG,CC,GG,GG,AA,AA,AA,AA,AA,GG,AA,GG,GG,GG,CC,AG,CC,AA,AA,AA,AA,AA,AA,GG,AA,GG,AG,AA,CC
NASH8-1,AG,CC,AA,AA,GG,AG,AA,AA,AA,AA,CC,AG,AA,AA,GG,CC,GG,AG,AC,AA,AA,AG,AC,GG,AA,AA,GG,AG,AC,AA,AA,AA,AG,AC,AG,AA,AA,GG,AG,GG,AA,AA,AA
KLNG20-3,GG,AC,AC,AG,GG,AA,AA,AA,AA,AA,CC,AG,AA,AA,GG,CC,GG,GG,AC,AA,AC,AA,CC,GG,AA,GG,GG,AG,CC,AA,CC,AG,AA,AA,AA,AC,AA,AG,GG,GG,AG,AA,CC
NHTB27-5,GG,AC,AA,AA,GG,GG,AA,AG,AA,AA,AC,GG,AA,AA,GG,CC,GG,GG,AC,AC,AC,AG,AC,GG,AC,AA,GG,AA,CC,AG,CC,AA,AA,AA,AA,AA,AA,AA,AG,GG,AG,AA,CC
PHLA22-4,GG,AC,CC,GG,GG,AG,AG,AA,AA,AA,CC,AA,AA,AA,GG,CC,GG,GG,AC,AA,AA,AA,AA,GG,AA,GG,GG,AA,CC,AA,CC,AA,AA,AA,AA,AA,AA,GG,GG,GG,AG,AA,CC
QAUS16-7,GG,AA,AC,AG,GG,AA,AG,AA,AA,AA,CC,GG,AA,AG,AG,AC,AG,GG,AC,AA,AA,AG,AA,GG,AC,AG,GG,AG,CC,AG,CC,AA,AG,AA,AA,AA,AA,GG,AG,GG,AA,AA,AA
QFRS16-1,AG,AC,AA,AA,GG,GG,AG,AA,AA,AG,CC,AA,AA,AG,AG,AC,AG,AG,AA,AA,AC,AG,AA,GG,AA,AG,GG,GG,CC,AG,CC,AA,AG,AA,AA,AA,AA,GG,GG,GG,AA,AA,AC
SHEL15-1,AG,AC,AA,AA,GG,AG,GG,GG,AA,AG,CC,GG,AA,AA,AA,AA,AG,AG,AA,AA,AC,AA,AA,GG,AA,GG,GG,GG,CC,AG,CC,AA,AG,AC,AG,AA,AA,GG,GG,AG,AG,AA,AC
SKNC10-1,AG,AC,AC,AG,AA,AG,AG,AG,AA,AA,AC,AG,AA,AA,GG,CC,GG,GG,AA,AA,AA,AA,AC,GG,AA,GG,GG,AG,CC,AA,CC,AA,AG,AC,AG,AA,AA,GG,AA,GG,AA,AA,CC
SKNM10-3,GG,AC,AC,AG,AG,AG,AA,AA,AA,AA,CC,AA,AA,AG,GG,CC,GG,GG,AC,AA,AA,AA,AA,GG,AA,GG,GG,AG,CC,AA,CC,AA,AG,AA,AA,AA,AA,GG,AG,GG,AA,AA,CC
SKNO10-4,AG,CC,AA,AA,AA,GG,AG,AA,AA,AA,AC,AG,AA,AA,GG,CC,GG,GG,AC,AA,AA,AA,AA,GG,AC,AA,GG,GG,CC,AG,CC,AA,AA,AA,AA,AA,AA,GG,AG,GG,AA,AA,CC
SKWA24-5,AG,CC,AA,AA,GG,AA,AG,AA,AA,AA,AC,AA,AA,AA,GG,CC,GG,GG,AA,AA,AC,AA,AA,GG,AA,AG,AG,AG,CC,AG,CC,AA,AA,AA,AA,AA,AA,GG,AA,GG,AA,AA,CC
NASF8-2,GG,AC,AC,AG,GG,AG,AG,AG,AA,AA,AC,AG,AA,AG,GG,CC,GG,GG,AC,AA,AA,AA,AA,GG,AC,AA,GG,AA,CC,AA,AC,AA,AA,AA,AA,AA,AA,GG,GG,GG,AA,AA,CC
NHTB27-4,GG,AC,AC,AG,AG,AG,AA,AA,AA,AA,AC,AA,AA,AA,GG,CC,GG,GG,AC,AC,AC,AA,AA,GG,AA,AG,GG,AA,CC,AG,CC,AA,AA,AA,AA,AA,AA,AG,GG,GG,AG,AA,CC
PHLA22-3,GG,AA,AC,AG,AG,AA,AA,AA,AA,AA,CC,AG,AA,AA,GG,CC,GG,GG,AC,AA,AA,AA,AA,GG,AA,GG,GG,AG,CC,AG,CC,AA,AA,AA,AA,AA,AA,GG,GG,GG,AA,AA,CC
PITS29-1,AG,AC,AA,AA,GG,AG,AG,AG,AA,AG,AC,AA,AA,AA,GG,CC,GG,GG,AA,AA,AA,AG,AA,GG,AA,AA,GG,GG,AC,AG,CC,AA,AA,AA,AA,AA,AA,GG,GG,GG,GG,AA,AC
QAUS16-4,GG,AA,AC,AG,GG,AA,AG,GG,AA,AA,AC,GG,AA,AA,GG,CC,AG,AG,AA,AC,AC,AA,AA,AG,AA,AG,AG,GG,CC,AA,CC,AG,AA,AC,AG,AA,AA,GG,GG,GG,AG,AA,CC
QCTN16-4,GG,CC,AA,AA,GG,AA,AG,AG,AA,AA,CC,AA,AA,AG,GG,CC,GG,GG,AA,AA,AA,AG,AA,GG,AA,AA,GG,AG,CC,AG,CC,AA,AA,AA,AA,AA,AA,AG,GG,GG,AG,AA,CC
QLKE16-3,GG,AC,CC,GG,GG,GG,GG,AG,AA,AG,CC,GG,AA,AA,GG,CC,GG,GG,AC,AA,AA,AA,AA,GG,AA,GG,GG,AG,CC,GG,CC,GG,AA,AA,AA,AA,AA,GG,GG,AG,GG,AA,CC
SKNB10-2,GG,CC,AA,AA,AG,AA,AA,AG,AA,AA,AC,AG,AA,AG,GG,CC,GG,GG,AA,AC,AC,AA,AA,GG,AA,AG,GG,AG,CC,AA,CC,AA,AA,AA,AA,AC,AA,GG,AG,AG,AG,AA,CC
SKNM10-1,GG,AA,AA,AA,AG,AA,AG,AG,AA,AA,CC,GG,AA,AA,GG,CC,GG,GG,AA,AA,AC,AA,AA,GG,AA,AG,GG,AG,CC,AA,CC,AA,AA,AA,AA,AA,AA,AG,AG,AG,AG,AA,CC
SKNO10-3,GG,AA,AC,AG,AA,GG,AA,AG,AA,AA,CC,AA,AA,AA,GG,CC,GG,GG,AA,AA,AA,AA,AC,GG,AC,AG,GG,AG,CC,AG,CC,AA,AA,AA,AA,AA,AA,GG,GG,GG,AA,AA,CC
SKWA24-4,GG,AA,AA,AA,GG,AA,AG,AA,AA,AA,CC,AG,AA,AA,GG,CC,GG,GG,AA,AA,AC,AA,AA,GG,AA,GG,AG,AG,CC,AG,CC,AA,AG,AA,AA,AA,AC,GG,GG,GG,AG,AA,CC
NASD8-5,AG,AC,AA,AA,AA,AG,AG,AG,AA,AA,AC,AG,AA,AA,AG,CC,GG,GG,AA,AA,AA,AA,AA,GG,AA,AG,GG,AG,CC,AG,CC,AA,AA,AA,AA,AA,AA,GG,GG,GG,GG,AA,CC
MCFA20-5,AG,CC,AA,AA,AG,AA,AG,AG,AA,AA,CC,AG,AA,AA,GG,CC,GG,GG,AA,AA,AA,AA,AA,GG,AA,AG,AG,AG,CC,AA,CC,AA,AA,AA,AA,AA,AA,AG,GG,GG,AG,AC,CC
NHTB27-3,GG,AC,AA,AA,GG,AG,AA,AG,AA,AA,AC,AG,AA,AA,GG,CC,GG,GG,AC,AC,AC,AA,AA,GG,AA,GG,GG,AG,CC,GG,CC,AA,AA,AA,AA,AA,AA,GG,GG,GG,AG,AA,CC
PHLA22-2,GG,AA,AA,AA,GG,GG,AA,AA,AA,AA,CC,AA,AA,AA,GG,CC,GG,GG,AC,AA,CC,AA,AA,AG,AA,GG,GG,AA,CC,AG,CC,AA,AA,AA,AA,AA,AA,GG,GG,GG,AG,AA,CC
PHLC22-5,GG,AC,AA,AA,GG,GG,AG,AA,AG,AA,CC,AA,AA,AA,GG,CC,GG,GG,AA,AA,AC,AA,AA,GG,AA,GG,GG,AA,CC,AA,CC,AA,AA,AA,AA,AA,AC,GG,AG,GG,AA,AA,CC
QAUS16-3,GG,CC,AA,AA,GG,AG,AG,AA,AA,AA,CC,GG,AA,AA,AA,AA,AG,GG,AC,AA,AA,GG,AA,GG,AC,AG,AA,AG,CC,AA,CC,AA,AG,AC,AG,AA,AC,GG,AA,GG,AA,AA,CC
QCTN16-3,GG,CC,AC,AG,GG,GG,AA,AA,AA,AA,CC,AA,AA,AA,GG,CC,GG,GG,AA,AA,AC,AG,AA,GG,AA,AA,GG,AG,CC,AG,CC,AA,AA,AC,AG,AA,AA,GG,GG,AG,AG,AC,AC
QLKE16-2,GG,AC,AC,AG,GG,GG,AA,AG,AA,AG,CC,AA,AA,AA,GG,CC,GG,GG,AC,AC,AA,GG,AA,GG,AA,AG,GG,AG,CC,AG,CC,AA,AA,AC,AG,AC,AA,GG,AG,GG,GG,AA,CC
SKNB10-1,GG,AC,AA,AA,AG,AA,AA,AA,AG,AA,CC,AG,AA,AG,GG,CC,GG,GG,AA,AA,AC,AA,AC,GG,AC,AG,GG,GG,CC,AA,CC,AA,AA,AA,AA,AC,AA,GG,GG,GG,GG,AA,CC
SKNL10-4,GG,AC,AA,AA,AA,AG,AA,AA,AA,AA,CC,AG,AA,AA,GG,CC,GG,GG,AA,AA,AC,AG,AA,GG,AC,AG,GG,AA,CC,AA,CC,AA,AA,AC,AG,AA,AA,GG,AG,AG,AG,AA,CC
SKNO10-2,GG,AA,AA,AA,AG,AA,AG,AG,AA,AA,AC,AA,AA,AG,GG,CC,GG,GG,AA,AA,CC,AA,AA,GG,AC,AG,GG,AG,CC,AG,CC,AA,AA,AA,AA,AA,AA,GG,GG,GG,GG,AA,CC
SKNP10-11,GG,AC,AA,AA,AG,AA,AA,AA,AA,AA,CC,AG,AA,AG,GG,CC,GG,GG,AA,AA,AA,AG,AA,AG,AA,AG,AG,GG,CC,AG,CC,AA,AA,AA,AA,AA,AA,GG,GG,GG,AA,AA,CC
SLMB28-4,GG,AC,AA,AA,GG,AG,AG,AG,AA,AA,CC,AA,AA,AA,GG,CC,GG,GG,AA,AA,AA,AG,AA,GG,AA,AG,AG,AA,CC,AG,CC,AA,AA,AA,AA,AA,AA,GG,GG,GG,AA,AA,CC
SQMC25-2,GG,CC,AC,AG,GG,AA,AA,GG,AA,AA,CC,AA,AA,AA,GG,CC,GG,GG,AA,AA,AA,AA,AA,GG,AC,AG,GG,AA,CC,AG,CC,AA,AA,AA,AA,AA,AA,GG,AG,GG,AA,AA,CC
STKD5-1,AG,CC,AA,AA,AA,GG,AA,AG,AG,AA,CC,AA,AA,AA,GG,CC,GG,GG,AC,AA,AA,AA,AA,AG,AC,GG,GG,AA,CC,AG,AC,AA,AG,AC,AG,AA,AC,GG,AG,GG,AG,AA,CC
TLKH11-5,GG,AC,AC,AG,GG,AG,AG,AA,AA,AA,CC,AA,AA,AA,GG,CC,GG,GG,AC,AA,AA,AA,AA,GG,AA,AG,AA,AG,CC,AG,CC,AA,AA,AA,AA,AA,AA,GG,GG,GG,AA,AA,CC
TRTB7-6,GG,AC,AC,AG,AG,AG,AA,AA,AA,AA,CC,GG,AA,AA,GG,CC,GG,AA,AC,AA,AA,AA,AA,GG,AC,AA,GG,AA,CC,AG,CC,AA,AA,AA,AA,AA,AC,AG,GG,GG,AG,AA,CC
YALD27-4,AG,CC,AC,AG,GG,GG,AA,AG,AA,AA,AC,AA,AC,AA,GG,CC,GG,GG,AA,AA,AA,AA,AA,GG,AA,GG,GG,GG,CC,AA,CC,AA,AG,AA,AA,AC,AC,AG,GG,GG,GG,AA,CC
SKWF24-5,AG,AA,AC,AG,AG,AA,AA,AA,AA,AA,CC,AA,AA,AA,GG,CC,GG,GG,AC,AA,AA,AA,AA,GG,AA,AG,GG,AG,CC,AA,CC,AA,AA,AA,AA,AA,AA,GG,AG,GG,AG,AA,CC
SQMC25-1,GG,AC,AC,AG,GG,GG,AG,AA,AA,AA,CC,AA,AA,AA,GG,CC,GG,GG,AA,AA,CC,AG,AA,GG,AA,AA,GG,GG,CC,AG,CC,AA,AA,AA,AA,AA,AA,AG,GG,GG,GG,AA,CC
TLKH11-1,GG,AC,AA,AA,AG,AG,AA,AA,AA,AG,AC,GG,AA,AA,GG,CC,GG,GG,AA,AA,AA,AG,AC,GG,AA,AA,AG,GG,CC,AA,AC,AA,AG,AC,AG,AA,AA,AG,AG,AG,AA,AC,AC
TRTB7-5,GG,CC,AA,AA,GG,GG,AG,AA,AA,AA,CC,AG,AA,AA,AG,AC,AG,GG,AA,AA,CC,AA,AA,GG,AC,AG,GG,AG,CC,AA,CC,AA,AA,AA,AA,AA,AC,AG,AG,GG,AA,AA,CC
WHTE28-1,GG,AC,AA,AA,GG,AA,AA,AG,AG,AA,CC,AA,AA,AA,GG,CC,GG,GG,AC,AA,AA,AA,AA,GG,AC,GG,GG,AG,AC,AA,CC,AA,AA,AA,AA,AC,AC,GG,GG,GG,AG,AA,CC
YALD27-3,AG,AC,CC,GG,GG,AG,AA,AA,AA,AA,AC,AG,AA,AG,GG,CC,GG,GG,AA,AA,AA,AA,AA,GG,AA,GG,GG,AG,CC,AA,CC,AA,AA,AA,AA,AA,AA,GG,GG,GG,GG,AA,CC
SKWF24-4,GG,AA,AC,AG,GG,AG,AA,AA,AA,AA,CC,AA,AA,AA,GG,CC,GG,GG,AC,AA,AC,AA,AA,GG,AA,AA,GG,AG,CC,AG,CC,AA,AA,AA,AA,AA,AA,GG,AG,GG,AG,AA,CC
SQMB25-4,GG,AA,AA,AA,GG,AA,AA,AA,AA,AA,CC,AA,AA,AA,GG,CC,GG,GG,AA,AA,AA,AA,AA,GG,CC,AG,AG,AG,CC,AA,CC,AA,AA,AA,AA,AA,AA,AG,AG,GG,AG,AC,CC
STHB21-5,GG,CC,AA,AA,AG,AA,AG,AA,AA,AA,CC,AA,AA,AA,GG,CC,GG,GG,AA,AA,AA,AA,AA,GG,AA,GG,GG,AA,CC,AA,CC,AG,AA,AA,AA,AA,AA,GG,GG,GG,AG,AA,CC
TOBB23-5,GG,AA,CC,AG,GG,--,AA,AA,AA,AA,CC,AA,AA,AA,GG,CC,GG,GG,--,--,CC,AA,--,GG,AC,--,GG,AA,CC,AA,CC,AA,AA,AA,AA,AC,AA,GG,AA,GG,GG,AA,CC
WFSH13-6,GG,AC,AC,AG,AG,AG,AA,AA,AG,AA,CC,AG,AA,AA,GG,CC,AG,GG,CC,AA,AA,AG,AA,GG,AA,AA,GG,AG,CC,AA,AC,AA,AG,AC,AG,AA,AA,GG,GG,AG,AG,AA,AC
SKWF24-2,GG,AA,AC,AG,GG,AA,AA,AA,AA,AA,CC,AA,AA,AA,GG,CC,GG,GG,AC,AA,CC,AA,AA,GG,AA,GG,GG,AA,CC,AG,CC,AA,AA,AA,AA,AA,AA,GG,AA,GG,AA,AA,CC
SLMD28-3,GG,AC,CC,GG,GG,AG,AG,AG,AG,AA,AC,AA,AA,AA,GG,CC,GG,GG,AA,AA,AC,AA,AA,GG,AA,GG,GG,AG,CC,AG,CC,AA,AA,AA,AA,AC,AA,GG,AG,GG,AG,AA,CC
STHB21-4,GG,AA,AC,AG,AA,AG,GG,AA,AG,AA,CC,AG,AA,AG,GG,CC,GG,GG,AC,AA,AC,AA,AA,GG,AA,GG,GG,AG,CC,AA,CC,AA,AA,AA,AA,AC,AA,GG,GG,GG,GG,AA,CC
TOBA23-2,AG,AA,AC,AG,GG,AA,AA,AG,AA,AA,CC,AG,AC,AA,GG,CC,AG,GG,AA,AC,AC,AA,AA,GG,AA,GG,AG,AG,CC,AG,CC,AA,AA,AA,AA,AA,AC,AG,AG,GG,GG,AA,CC
WELC27-5,GG,AA,AC,AG,GG,AA,AG,AG,AA,AA,CC,GG,AA,AA,GG,CC,GG,GG,AA,AA,AC,AG,AC,GG,AC,AG,GG,GG,CC,AG,CC,AA,AA,AA,AA,AA,AA,GG,GG,AG,GG,AA,CC
WLOW15-5,GG,AA,AC,AG,GG,GG,AA,AA,AA,AA,CC,AA,AA,AG,GG,CC,AG,AG,AC,CC,AA,AA,AA,GG,AA,AG,GG,AG,CC,AA,CC,AA,AA,AA,AA,AA,AA,GG,AG,GG,AA,AA,CC
YALE27-4,AG,AA,AC,AG,GG,GG,GG,AA,AA,AA,CC,AA,AA,AA,GG,CC,GG,GG,AA,AA,AA,AA,AA,GG,AA,GG,AG,AG,CC,GG,CC,AA,AA,AA,AA,AA,AC,GG,GG,GG,AG,AA,CC
SKWE24-5,AG,AA,AA,AA,GG,AA,AA,AA,AA,AA,CC,AA,AA,AG,GG,CC,AG,GG,AA,AA,AC,AA,AA,GG,AA,GG,AG,GG,CC,AA,CC,AA,AA,AA,AA,AA,AA,GG,AG,GG,AA,AA,CC
SLMD28-1,GG,AC,AA,AA,AG,AG,AA,GG,AA,AA,CC,AG,AA,AA,GG,CC,GG,GG,AA,AA,AA,AA,AA,GG,AC,GG,GG,AG,CC,AG,CC,AA,AA,AA,AA,AA,AA,GG,AG,GG,AA,AA,CC
STHB21-3,GG,AC,AA,AA,GG,AA,AA,GG,AA,AA,CC,AA,AA,AA,AG,CC,GG,GG,CC,AA,AA,AA,AA,GG,AA,GG,AG,AG,CC,GG,CC,AA,AA,AA,AA,AA,AC,GG,AA,GG,AA,AA,CC
STKG4-4,GG,AC,AC,AG,AG,AG,AA,AA,AA,AA,CC,AG,AA,AA,GG,CC,GG,AG,AA,AA,AA,AA,AA,GG,CC,GG,GG,AA,CC,AG,AC,AA,AA,AC,AG,AA,AA,GG,AG,AG,AA,AA,CC
WELC27-3,GG,AA,AA,AA,GG,GG,AA,AA,AG,AA,CC,AA,AA,AG,GG,CC,GG,GG,AC,AA,AA,AA,AC,GG,AA,GG,GG,AG,CC,AG,CC,AA,AA,AA,AA,AA,AC,GG,GG,GG,AG,AA,CC
WLOW15-4,AG,AC,AC,AG,AG,AG,AA,GG,AA,AA,AC,GG,AA,AA,GG,CC,GG,AA,CC,AA,AC,AA,AA,GG,AA,AA,GG,AA,CC,AA,CC,AA,AG,AA,AA,AA,AA,AG,AG,AG,GG,AA,CC
SKWE24-4,GG,AC,AC,AG,AG,AA,AA,AA,AA,AA,CC,AA,AA,AA,GG,CC,GG,GG,AA,AA,CC,AA,AA,GG,AA,AG,GG,AG,CC,AG,CC,AA,AA,AA,AA,AA,AA,GG,AG,GG,AA,AA,CC
SLMC28-3,GG,AC,AC,AG,GG,AA,AG,AG,AA,AA,AC,AA,AA,AA,GG,CC,GG,GG,AA,AA,CC,AA,AA,GG,AC,GG,GG,GG,CC,GG,CC,AA,AA,AA,AA,AC,AC,GG,AG,GG,AA,AA,CC
STHB21-2,GG,AA,AC,AG,GG,GG,AA,AA,AA,AA,CC,AA,AA,AG,GG,CC,GG,GG,AA,AA,AA,AA,AA,GG,AA,GG,GG,AA,CC,AA,CC,AG,AA,AA,AA,AA,AA,GG,GG,GG,GG,AA,CC
STKF5-1,GG,AA,CC,GG,GG,AA,AG,AG,AG,AA,CC,AG,AA,AG,AG,AC,AG,AG,AC,AA,AA,AG,AA,AG,AC,GG,GG,AG,CC,AG,AC,AA,AG,AA,AA,AA,AA,GG,AG,GG,AG,AA,AC
VNDL27-4,GG,CC,AC,AG,GG,GG,AA,AA,AA,AA,CC,AG,--,AG,GG,CC,AG,GG,AA,AA,AA,AA,AC,AG,AA,GG,GG,AG,CC,AG,CC,AA,AA,AA,AA,AA,AA,AG,GG,GG,GG,AA,CC
WHTE28-5,GG,AC,AA,AA,GG,AA,AA,AA,AA,AA,CC,AG,AA,AA,GG,CC,GG,GG,AC,AA,AC,AA,AA,GG,AC,GG,GG,GG,CC,AA,CC,AA,AA,AA,AA,AC,AC,GG,GG,GG,AG,AA,CC
YALE27-2,GG,CC,AA,AA,GG,GG,AG,AA,AG,AA,AC,AG,AA,AA,GG,CC,GG,GG,AA,AA,AA,AA,AC,GG,AC,GG,GG,AG,CC,AG,CC,AA,AA,AA,AA,AA,AA,AG,GG,GG,GG,AA,CC
SKWE24-3,GG,AC,AC,AG,AG,AA,AA,AA,AA,AA,CC,AA,AA,AA,GG,CC,GG,GG,AA,AA,CC,AA,AA,GG,AA,AG,AG,AG,CC,AA,CC,AA,AA,AA,AA,AA,AA,GG,AA,GG,AG,AA,CC
SLMC28-2,GG,AC,AC,AG,GG,AG,AA,AG,AG,AA,CC,AA,AA,AA,GG,CC,GG,GG,AA,AA,AC,AA,AA,GG,AA,AG,GG,AG,CC,AA,CC,AA,AA,AA,AA,AA,AA,GG,AA,GG,GG,AA,CC
SQMC25-5,GG,AC,AC,AG,AG,AA,AA,AA,AA,AA,CC,AA,AA,AA,GG,CC,GG,GG,AA,AA,AC,AA,AA,GG,AC,AG,AG,AG,CC,AA,CC,AA,AA,AC,AG,AC,AC,AG,AG,GG,AG,AA,CC
STKE5-3,GG,AC,CC,GG,GG,AG,AA,AA,AA,AG,AC,AA,AA,AA,AA,AA,AA,AG,AC,AA,AC,AA,AA,GG,AC,AG,GG,AA,CC,AA,AC,AA,AA,AC,AG,AA,AA,GG,GG,GG,AG,AA,CC
TNZA4-1,GG,CC,AA,AA,GG,AA,AG,AA,AA,AA,AC,AA,AA,AA,GG,CC,GG,GG,AC,AC,AC,AG,AA,GG,AC,AA,AG,GG,AC,GG,CC,AA,AA,AA,AA,AA,AA,GG,AG,GG,AG,AA,CC
VNDL27-3,GG,AC,AC,AG,GG,GG,AA,AA,AA,AA,AC,AA,AC,AA,GG,CC,GG,GG,AA,AA,AA,AA,AC,GG,AC,GG,GG,GG,CC,GG,CC,AG,AA,AA,AA,AA,AA,GG,GG,GG,GG,AA,CC
WHTE28-4,GG,AC,AC,AG,AG,AA,AA,AG,AG,AA,CC,AG,AA,AA,GG,CC,GG,GG,AA,AA,CC,AA,AA,GG,AA,AG,GG,GG,CC,AA,CC,AA,AG,AA,AA,AA,AA,GG,AG,GG,AA,AA,CC
SKWE24-2,GG,AC,AC,AG,GG,GG,AG,AG,AG,AA,CC,AG,AA,AG,GG,CC,GG,GG,AA,AA,CC,AA,AA,GG,AA,AA,GG,AG,CC,AG,CC,AA,AA,AA,AA,AA,AA,GG,AG,GG,AG,AA,CC
SLMC28-1,GG,AC,AC,AG,GG,AG,AA,AG,AG,AA,CC,AA,--,AG,GG,CC,GG,GG,AA,AA,AC,AA,AA,GG,AA,GG,GG,AG,CC,AG,CC,AA,AA,AA,AA,AA,AA,GG,AG,AG,AA,AA,CC
SQMC25-4,GG,AC,AC,AG,AG,AA,AG,AA,AA,AA,AC,AA,AA,AA,GG,CC,GG,GG,AA,AA,AC,AA,AA,GG,AA,AG,AG,AG,AC,AG,CC,AA,AA,AA,AA,AA,AA,AG,GG,GG,AG,AA,CC
STKD5-3,GG,CC,AC,AG,GG,AG,AA,AA,AG,AG,CC,AA,AA,AA,AG,AC,AG,GG,AA,AA,AA,AA,AA,GG,AC,AG,GG,AA,CC,AG,AC,AA,AA,AA,AA,AA,AA,AG,AG,GG,AA,AA,CC
TRTB7-7,GG,CC,AC,AG,AA,AA,AG,AG,AA,AG,CC,AG,AA,AA,GG,CC,GG,AG,AC,AA,AA,AA,AA,AG,AA,GG,GG,AG,CC,AG,AC,AA,AA,AC,AG,AA,CC,GG,AG,GG,AA,AA,CC
YALD27-5,AG,CC,AC,AG,GG,AG,AG,AG,AA,AA,CC,AA,AA,AA,GG,CC,GG,GG,AA,AA,AA,AA,AC,GG,AA,AG,AG,AG,CC,AG,CC,AA,AA,AA,AA,AA,AC,GG,GG,GG,GG,AA,CC
STHA21-3,GG,AA,AC,AG,GG,GG,AG,AG,AA,AA,CC,AA,AA,AA,GG,CC,GG,GG,AA,AA,AC,AA,AA,GG,AC,GG,GG,AA,CC,AG,CC,AA,AA,AA,AA,AA,AA,GG,AG,GG,AG,AA,CC
BULF11-2,GG,AC,AA,AA,AA,AG,AA,GG,AA,AA,CC,AG,AA,AG,GG,CC,GG,GG,AC,AA,AC,AG,AA,GG,AA,AA,GG,AA,CC,AG,CC,AG,AG,AC,AG,AA,AA,GG,GG,GG,AA,AA,CC
STKB5-4,AG,CC,AC,AG,AG,GG,AA,AA,AA,AG,CC,AG,AA,AA,AA,AA,AA,AG,AA,AA,AC,AA,AA,GG,CC,GG,GG,AA,CC,AA,CC,AA,AA,AA,AA,AA,AA,GG,AA,GG,GG,AC,AC
VNDL27-5,AG,AA,CC,GG,GG,AG,AG,AG,AA,AA,AC,AA,AC,AG,GG,CC,GG,GG,AA,AA,AA,AA,AA,GG,AA,GG,AG,AG,CC,AG,CC,AA,AA,AA,AA,AC,AA,GG,GG,GG,AG,AA,CC
CARS29-3,GG,AA,AC,AG,GG,AG,AG,AG,AA,AA,CC,AA,AA,GG,GG,CC,GG,GG,AC,AA,AA,AA,AA,GG,AA,GG,GG,GG,CC,AA,CC,AA,AA,AA,AA,AA,AA,AG,GG,GG,AA,AA,CC
SQMA25-1,GG,AC,AA,AA,GG,AG,AA,AA,AA,AA,AC,AA,AA,AG,GG,CC,GG,GG,AA,AA,AC,AA,AA,GG,AC,AA,AA,AG,CC,AA,CC,AG,AA,AA,AA,AC,AA,AG,AG,GG,GG,AA,CC
SKWD24-1,GG,AA,AA,AA,GG,AA,AA,AA,AA,AA,CC,GG,AA,AA,GG,CC,GG,GG,AA,AA,AA,AA,AA,GG,AA,GG,AG,GG,CC,GG,AC,AA,AG,AA,AA,AA,AA,GG,AA,GG,AA,AA,CC
MTSM27-3,GG,AC,AC,AG,GG,GG,AA,GG,AA,AA,AA,AG,AA,AA,GG,CC,GG,GG,AA,AA,AA,AA,AC,GG,AC,GG,GG,GG,CC,AG,CC,AA,AA,AA,AA,AA,AC,GG,GG,GG,AA,AA,CC
LONG29-4,AG,AA,AC,AG,GG,GG,AA,AG,AA,AA,CC,AA,AA,AG,GG,CC,GG,GG,AA,AA,AC,AA,AA,GG,AA,AG,GG,GG,CC,AG,CC,AA,AA,AA,AA,AA,AC,GG,GG,GG,AG,AA,CC
CARS29-2,AA,AC,AA,AA,GG,GG,AA,GG,AA,AA,CC,AA,AA,AA,GG,CC,GG,GG,AA,AA,AA,AA,CC,GG,AA,AG,AG,AG,AC,GG,CC,AG,AA,AA,AA,AC,AA,GG,AG,GG,AA,AA,CC
SLMD28-5,GG,AC,AC,AG,GG,AA,AG,AG,AA,AA,CC,AA,AA,AA,GG,CC,GG,GG,AC,AA,AC,AA,AA,GG,AA,AA,GG,GG,CC,AA,CC,AA,AA,AA,AA,AA,AC,GG,AA,GG,AG,AA,CC
NPLN30-4,AA,CC,AA,AA,GG,AA,AA,AA,AA,AG,CC,AA,AA,AG,GG,CC,GG,GG,AC,AA,AA,AA,AA,AG,AA,AA,GG,GG,AC,AG,CC,AG,AA,AA,AA,CC,AA,AG,GG,GG,GG,AA,AC
SKNQ10-3,GG,CC,AC,AG,AG,AA,AG,GG,AA,AA,CC,AA,AA,AG,GG,CC,GG,GG,AC,AA,AC,AA,AA,GG,AC,AG,AG,GG,CC,AG,CC,AA,AA,AC,AG,AC,AA,GG,GG,GG,GG,AA,AC
WLOW15-1,GG,AC,AC,AG,GG,GG,AG,AA,AA,AA,CC,GG,AA,AA,AG,AC,AG,AA,CC,AA,AA,AG,AA,AG,AA,AA,GG,AG,CC,AA,CC,AA,AG,AA,AA,AA,AA,GG,AG,GG,AA,AA,CC
SKNM10-2,GG,AA,AC,AG,AG,AG,AG,AG,AA,AA,CC,AA,AA,GG,GG,CC,GG,GG,AA,AC,AA,AA,AA,GG,AA,AG,GG,AA,CC,AG,AA,AA,AA,AC,--,AA,AA,AG,GG,GG,GG,AA,CC
WELC27-1,GG,AA,AA,AA,GG,GG,AA,GG,AG,AA,CC,AG,AA,AA,GG,CC,GG,GG,AA,AA,AA,AA,AC,GG,AC,AG,AA,GG,CC,GG,CC,AA,AA,AA,AA,AA,AA,GG,GG,GG,AG,AA,CC
SKNP10-9,AG,AC,AA,AA,AA,AG,AA,AG,AA,AA,CC,AG,AA,AG,GG,CC,GG,GG,AA,AA,AC,AA,AA,GG,AA,AA,GG,GG,CC,GG,AC,AA,AA,AC,AG,AA,AA,GG,AG,GG,AG,AA,CC
STHA21-5,GG,CC,CC,GG,GG,AG,AA,AA,AA,AA,CC,AA,AC,AA,GG,CC,GG,GG,AC,AA,AA,AA,AA,GG,AA,GG,AG,AA,AC,AG,AC,AA,AA,AA,AA,AA,AA,GG,AG,GG,GG,AA,CC
TOBB23-3,GG,AA,AC,AG,GG,AA,AA,AG,AA,AA,CC,AG,AA,AA,GG,CC,GG,GG,AC,AA,AC,AA,AA,GG,AA,AG,GG,AG,CC,AA,CC,AA,AA,AA,AA,AA,AA,AG,AG,GG,GG,AA,CC
TAKB3-4,GG,AC,AC,AG,AA,GG,AA,AA,AA,AA,CC,AG,AA,AA,AG,AC,AG,AG,AA,AC,CC,AA,AA,AA,CC,AG,GG,GG,CC,GG,CC,AA,AG,AA,AA,AC,AA,GG,AG,AG,AA,AA,CC
TAKB3-3,GG,AC,AA,AA,AG,AG,AA,AG,AA,AG,CC,AG,AA,AA,GG,CC,GG,GG,AA,AC,CC,AG,AA,AG,AC,AG,GG,AG,CC,AG,CC,AA,AA,AA,AA,AA,AA,GG,AA,GG,AG,AC,CC
TOBA23-3,GG,AC,AA,AA,AG,AG,AG,AG,AA,AA,CC,AA,AA,AG,GG,CC,GG,GG,AC,AA,AC,AA,AA,GG,AA,AG,GG,AA,CC,AA,CC,AA,AA,AC,AG,AA,AA,AG,AG,GG,AG,AC,CC
ZYMJ10-1,GG,AA,AC,AG,AG,AG,AG,AA,AA,AA,CC,AG,AA,AA,AG,AC,AG,GG,AC,AA,AC,AA,AA,AG,AA,AG,GG,AG,CC,AG,AA,AA,AA,AC,AG,AA,AA,GG,AG,GG,GG,AA,CC
TATB1-4,AG,CC,AA,AA,AG,GG,GG,AA,AA,GG,CC,GG,AA,AA,GG,CC,AG,GG,CC,AA,AC,AA,AA,GG,AC,AA,GG,AA,CC,AA,AA,AA,AG,AC,AG,AA,CC,GG,GG,AG,AG,CC,CC
SKNN10-3,GG,AC,AA,AA,AA,AA,AA,AG,AA,AA,AC,AG,AA,AA,AG,AC,GG,GG,AA,AA,AC,AG,AA,GG,AC,AG,GG,AG,CC,AA,AC,AA,AA,AA,AA,AA,AC,GG,AG,AG,GG,AA,CC
HRSO27-4,AG,AA,AC,AG,GG,AG,AA,GG,AG,AA,CC,AG,AA,AG,GG,CC,GG,GG,AA,AA,AA,AA,AC,GG,AA,GG,AG,GG,AC,AG,CC,AA,AA,AA,AA,AA,AA,GG,GG,GG,AG,AA,CC
SKWD24-3,GG,AA,AA,AA,GG,AG,AA,GG,AA,AA,CC,AG,AA,AG,GG,CC,GG,GG,AA,AA,AC,AA,AA,GG,AA,GG,AA,AA,CC,GG,AC,AG,AA,AA,AA,AA,AA,GG,GG,GG,AA,AA,CC
WLOW15-3,GG,AC,AA,AA,AA,AG,AA,AA,AA,AA,CC,AG,AA,AA,GG,CC,AG,AG,AA,AA,AA,AA,AA,GG,AA,AA,GG,AG,CC,AG,CC,AG,AA,AC,AG,AA,AA,GG,GG,AG,AG,AA,CC
WELC27-4,GG,AA,AA,AA,GG,AG,AG,GG,AG,AA,CC,AG,AC,AA,GG,CC,GG,GG,AA,AA,AA,AA,AC,GG,AC,GG,AG,AG,CC,GG,CC,AA,AA,AA,AA,AA,AA,GG,GG,GG,AG,AA,CC
ALAA20-1,GG,AA,AC,AG,GG,AA,AG,AG,AA,AA,CC,AG,AA,AA,GG,CC,GG,GG,AA,AA,CC,AA,AA,GG,AC,GG,GG,AA,CC,AA,CC,AA,AG,AA,AA,AA,AA,AG,AG,GG,AA,AA,CC
SKWD24-5,GG,AA,AA,AA,GG,AA,AG,AG,AA,AA,CC,AA,AA,AA,GG,CC,GG,GG,AA,AA,AA,AA,AA,GG,AA,GG,AG,GG,CC,AG,CC,AA,AA,AA,AA,AA,AA,GG,AA,GG,AA,AA,CC
SLMB28-2,GG,AC,CC,GG,GG,AG,AA,GG,AA,AA,CC,AG,AA,AA,GG,CC,GG,GG,AA,AA,CC,AA,AA,GG,AC,AG,GG,AA,AC,AA,CC,AA,AA,AA,AA,AA,AC,GG,GG,GG,AA,AA,CC
TOBB23-2,GG,AC,CC,GG,GG,AG,AA,AG,AA,AA,CC,AA,AA,AA,GG,CC,GG,GG,AA,AA,CC,AA,AA,GG,CC,GG,GG,AG,CC,GG,CC,AA,AA,AA,AA,AA,AA,AG,AG,GG,AG,AA,CC
SKWA24-2,GG,AC,AA,AA,GG,AG,AA,AG,AA,AA,CC,AG,AC,AA,GG,CC,GG,GG,AA,AA,CC,AA,AA,GG,AA,GG,AG,AG,CC,AA,CC,AA,AG,AA,AA,AA,AA,GG,AG,GG,AG,AA,CC
SQMB25-3,GG,AC,AC,AG,GG,AA,AA,AA,AA,AA,AC,AA,AC,AA,GG,CC,GG,GG,AA,AA,AC,AA,AA,GG,AA,GG,GG,GG,CC,AA,CC,AA,AA,AA,AA,AA,AA,GG,AG,GG,AG,AC,CC
TOBB23-4,AG,AA,AC,AG,GG,AA,AA,AG,AA,AA,CC,AA,AA,AA,GG,CC,GG,GG,AA,AA,AC,AA,AA,GG,AA,AG,GG,GG,CC,AA,CC,AA,AA,AA,AA,AA,AA,GG,AG,GG,GG,AA,CC
SKWD24-4,GG,AA,AA,AA,GG,AA,AG,AA,AA,AA,CC,AG,AC,AA,GG,CC,GG,GG,AA,AA,CC,AA,AA,GG,AA,GG,GG,AG,CC,AA,CC,AA,AG,AC,AG,AA,AA,GG,GG,GG,AA,AA,CC
QLKE16-4,GG,AA,CC,GG,GG,AG,GG,AG,AA,AG,CC,GG,AA,AA,GG,CC,GG,GG,AC,AA,AC,AG,AA,GG,AA,GG,GG,AG,CC,GG,CC,AG,AA,AA,AA,AA,AA,GG,GG,AG,GG,AA,CC
TAKB3-5,GG,CC,AC,AG,AG,AG,AA,AA,AA,AA,CC,AG,AA,AG,AG,AC,AG,GG,AC,AA,AC,AG,AA,GG,AA,GG,AG,AG,CC,AA,CC,AA,AG,AC,AG,AA,AA,GG,AA,GG,AA,AA,CC
SQMA25-5,AG,AC,CC,GG,GG,AG,AG,AA,AA,AA,CC,AG,AA,AG,GG,CC,GG,GG,AA,AA,AA,AA,AA,AG,AA,GG,AG,AG,CC,AA,CC,AA,AA,AA,AA,AA,AA,GG,GG,GG,GG,AA,CC
STHA21-4,GG,AA,AA,AA,GG,AA,AG,AA,AA,AA,CC,GG,AC,AA,AG,CC,GG,GG,AC,AA,AA,AA,AA,GG,AA,GG,GG,AA,CC,AG,CC,AA,AA,AA,AA,AA,AA,GG,AG,GG,AG,AA,CC
SKWF24-3,AG,AC,AA,AA,AG,AG,AA,AA,AA,AA,CC,AG,AA,AG,GG,CC,GG,GG,AC,AA,CC,AA,AA,GG,AA,AG,AG,AA,CC,AA,CC,AA,AG,AA,AA,AA,AA,GG,AA,GG,AA,AA,CC
SKWC24-4,GG,AC,AA,AA,GG,AA,AA,GG,AA,AA,CC,AG,AC,AG,GG,CC,GG,GG,AA,AA,AA,AA,AA,GG,AA,GG,GG,AA,CC,AA,CC,AG,AG,AA,AA,AA,AA,GG,AA,GG,AA,AA,CC
BELA18-1,AG,AC,AC,AG,GG,AA,AG,AG,AA,AA,CC,AA,AA,AA,GG,CC,GG,GG,AC,AA,AA,AA,AA,GG,AC,GG,GG,AG,CC,AA,CC,AA,AA,AA,AA,AA,AA,AG,AG,GG,GG,AA,CC
YALD27-2,GG,AC,AA,AA,GG,AA,AA,AG,AA,AA,CC,AA,AA,AG,GG,CC,AG,GG,AA,AA,AC,AG,AA,GG,AA,GG,AA,AG,AC,AG,CC,AA,AG,AA,AA,AA,AA,GG,AG,GG,AG,AA,CC
ALAA20-2,GG,CC,AA,AA,GG,AA,AA,GG,AA,AA,CC,AG,AA,AA,GG,CC,GG,GG,AA,AA,AC,AA,AA,GG,AA,AG,AG,AG,AC,AA,CC,AA,AA,AA,AA,AA,AC,GG,GG,AG,AG,AA,CC
SLMB28-3,GG,AC,AC,AG,AG,AA,GG,AA,AA,AA,CC,AG,AA,AA,GG,CC,GG,GG,AA,AA,AA,AA,AA,GG,AA,AG,GG,AG,CC,AA,CC,AA,AA,AA,AA,AC,AA,GG,AA,GG,AA,AA,CC
SKNN10-4,GG,AC,AC,AG,AG,AG,AA,AA,AA,AA,CC,AG,AA,AA,GG,CC,GG,GG,AC,AA,AC,AA,AA,GG,AA,GG,GG,AA,CC,AA,CC,AA,AA,AA,AA,AA,AA,AG,AA,GG,AG,AA,CC
WHTE28-3,GG,AC,AC,AG,GG,AA,AA,AA,AG,AA,CC,AA,AA,AA,GG,CC,GG,GG,AA,AA,AC,AG,AA,GG,AA,GG,GG,AG,CC,AG,CC,AA,AA,AA,AA,AA,AA,GG,GG,GG,AA,AA,CC
TATB1-7,AG,AC,AA,AA,AG,GG,AG,AG,AA,AA,CC,AG,AA,AA,AG,AC,GG,AG,AA,AA,AA,AG,AA,GG,CC,AG,GG,AA,CC,AA,CC,AA,AA,AC,AG,AA,AA,AG,AG,AG,AA,AC,CC
WELC27-2,GG,AA,AC,AG,GG,GG,AA,AG,AA,AA,CC,AG,AA,AA,GG,CC,GG,GG,AA,AC,AA,AA,AC,GG,AA,AG,GG,AG,CC,AG,CC,AA,AA,AA,AA,AA,AC,GG,GG,GG,AA,AA,CC
TOBA23-4,AG,AA,AA,AA,AG,AG,AA,AG,AA,AA,CC,AA,AA,AA,GG,CC,GG,GG,AA,AC,AA,AA,AA,GG,AC,GG,AG,AA,CC,AG,CC,AG,AA,AA,AA,AA,AA,GG,AA,GG,GG,AA,CC
ZYMJ10-5,GG,CC,AA,AA,AA,AG,AA,AG,AA,AA,CC,AG,AA,AG,GG,CC,GG,GG,AC,AA,CC,AA,AA,AG,AA,AG,AG,AA,CC,AG,AC,AA,AA,AA,AA,AA,AA,AG,GG,GG,AA,AA,CC
SLMB28-1,GG,AC,AC,AG,GG,AG,AA,AG,AA,AA,CC,AG,AC,AA,GG,CC,GG,GG,AA,AA,AC,AA,AA,GG,AA,GG,GG,AG,CC,GG,CC,AA,AA,AA,AA,AA,AA,GG,GG,GG,AG,AA,CC
SQMA25-4,GG,AA,AC,AG,GG,GG,AA,AA,AA,AA,CC,AA,AC,AA,GG,CC,GG,GG,AC,AA,AC,AA,AA,GG,AA,GG,AG,GG,CC,AA,CC,AA,AA,AC,AG,AA,AA,GG,GG,GG,GG,AA,CC
TAKA3-3,GG,CC,AC,AG,GG,AG,AA,AG,AA,AA,CC,GG,AA,AG,GG,CC,GG,GG,AC,AA,AA,AA,AA,GG,AA,AG,AA,GG,AC,AG,CC,AA,AA,AA,AA,AA,AA,GG,GG,GG,AA,AA,CC
SKWA24-3,GG,AC,AA,AA,GG,AA,AA,AA,AA,AA,CC,GG,AC,AA,GG,CC,GG,GG,AC,AA,CC,AA,AA,GG,AA,GG,GG,GG,CC,AA,CC,AA,AA,AA,AA,AA,AA,GG,AG,GG,AA,AA,CC
BELA18-2,GG,AA,CC,GG,GG,AG,AG,AA,AA,AA,CC,AA,AA,AA,GG,CC,GG,GG,AA,AA,AC,AA,AA,GG,AA,AG,GG,AG,CC,AA,CC,AA,AA,AA,AA,AC,AC,GG,GG,GG,AG,AA,CC
SKWC24-3,GG,AC,AC,AG,GG,AA,AA,AG,AA,AA,CC,AG,AC,AA,GG,CC,GG,GG,AA,AA,CC,AA,AA,GG,AA,GG,AG,AG,CC,AA,CC,AG,AA,AA,AA,AA,AA,GG,GG,GG,AA,AA,CC
SKNR10-1,GG,AA,AC,AG,AG,AG,AA,GG,AA,AA,AA,AG,AA,AA,GG,CC,GG,GG,AC,AA,AA,AA,AA,GG,AA,GG,GG,AG,CC,AG,CC,AA,AG,AC,AG,AC,AA,GG,GG,GG,AA,AA,CC
YALE27-3,GG,AC,AA,AA,GG,GG,AG,AG,AA,AA,AC,AG,AA,AG,GG,CC,GG,GG,AA,AA,AC,AA,AC,GG,AA,GG,GG,AG,CC,AG,CC,AA,AA,AA,AA,AA,AC,AG,GG,GG,AG,CC,CC
HRSO27-2,GG,AA,CC,GG,GG,GG,AG,AG,AA,AA,CC,AA,AA,AA,GG,CC,GG,GG,AA,AA,AA,AA,AA,GG,AC,AA,AA,AA,CC,AG,AC,AA,AA,AA,AA,AA,AC,GG,AG,GG,GG,AA,CC
DENA17-1,AG,AA,AA,AA,GG,AA,AG,AG,AG,AA,CC,AA,AA,AA,GG,CC,GG,GG,AA,AA,AC,AG,AA,GG,AC,AG,GG,AA,CC,AA,CC,AA,AA,AC,AG,AA,AA,GG,AG,GG,GG,AA,CC
STEL14-1,GG,AC,AC,AG,AG,AA,AA,AG,AA,AA,CC,AG,AA,AA,AG,AC,AG,AA,AC,AA,AC,AA,AA,GG,AC,AA,GG,GG,CC,AA,CC,AA,AG,AC,AG,AA,AA,GG,GG,AG,GG,AC,AC
,,,,,,,,,,,,,,,,,,,,,,,,,,,,,,,,,,,,,,,,,,,
COUNTS,,,,,,,,,,,,,,,,,,,,,,,,,,,,,,,,,,,,,,,,,,,
HOMO 1 (AA),17,152,170,171,34,145,235,228,385,402,13,215,395,307,8,8,6,11,279,404,205,366,391,4,317,81,18,111,2,190,8,402,359,371,371,376,368,10,61,0,136,407,12
HOMO 2,339,96,69,68,308,117,41,49,4,5,351,53,2,14,391,405,381,406,16,6,62,11,3,400,13,182,317,125,393,68,387,3,6,5,5,8,3,345,219,396,120,6,400
HETERO,92,200,207,209,104,185,172,167,59,40,84,180,49,124,49,35,61,31,152,37,181,71,53,43,118,183,112,212,50,190,52,43,81,71,68,64,77,93,168,52,192,35,36
TOTAL,448,448,446,448,446,447,448,444,448,447,448,448,446,445,448,448,448,448,447,447,448,448,447,447,448,446,447,448,445,448,447,448,446,447,444,448,448,448,448,448,448,448,448
,,,,,,,,,,,,,,,,,,,,,,,,,,,,,,,,,,,,,,,,,,,
AF1 (A),0.140625,0.5625,0.6132287,0.614955357,0.192825112,0.531319911,0.716517857,0.701576577,0.925223214,0.944071588,0.122767857,0.680803571,0.94058296,0.829213483,0.072544643,0.056919643,0.081473214,0.059151786,0.794183445,0.945190157,0.659598214,0.896205357,0.934004474,0.05704698,0.839285714,0.3867713,0.165548098,0.484375,0.060674157,0.636160714,0.07606264,0.9453125,0.89573991,0.909395973,0.912162162,0.910714286,0.907366071,0.126116071,0.323660714,0.058035714,0.517857143,0.947544643,0.066964286
AF2 (C/G),0.859375,0.4375,0.3867713,0.385044643,0.807174888,0.468680089,0.283482143,0.298423423,0.074776786,0.055928412,0.877232143,0.319196429,0.05941704,0.170786517,0.927455357,0.943080357,0.918526786,0.940848214,0.205816555,0.054809843,0.340401786,0.103794643,0.065995526,0.94295302,0.160714286,0.6132287,0.834451902,0.515625,0.939325843,0.363839286,0.92393736,0.0546875,0.10426009,0.090604027,0.087837838,0.089285714,0.092633929,0.873883929,0.676339286,0.941964286,0.482142857,0.052455357,0.933035714
,,,,,,,,,,,,,,,,,,,,,,,,,,,,,,,,,,,,,,,,,,,
,scaffold_1_25051104,scaffold_10_15938437,scaffold_10_19078879,scaffold_10_19080923,scaffold_10_19215715,scaffold_12_1814799,scaffold_12_2876156,scaffold_13_1353254,scaffold_13_2018492,scaffold_13_3764023,scaffold_14_9522855,scaffold_143_2955,scaffold_15_14137531,scaffold_15_14342360,scaffold_15_247054,scaffold_15_247811,scaffold_15_382827,scaffold_15_718240,scaffold_16_1404,scaffold_16_905064,scaffold_17_12392091,scaffold_17_5220579,scaffold_18_6191825,scaffold_2_3156956,scaffold_2_8329767,scaffold_3_13279794,scaffold_3_14451224,scaffold_3_15213042,scaffold_4_7478176,scaffold_5_13994673,scaffold_6_23164577,scaffold_6_24767093,scaffold_6_2489698,scaffold_6_25893186,scaffold_6_25893407,scaffold_6_3756001,scaffold_7_14802316,scaffold_7_14891160,scaffold_8_5198105,scaffold_8_6568803,scaffold_8_8018360,scaffold_9_12818481,scaffold_9_2160922
MAF,0.140625,0.4375,0.3867713,0.385044643,0.192825112,0.468680089,0.283482143,0.298423423,0.074776786,0.055928412,0.122767857,0.319196429,0.05941704,0.170786517,0.072544643,0.056919643,0.081473214,0.059151786,0.205816555,0.054809843,0.340401786,0.103794643,0.065995526,0.05704698,0.160714286,0.3867713,0.165548098,0.484375,0.060674157,0.363839286,0.07606264,0.0546875,0.10426009,0.090604027,0.087837838,0.089285714,0.092633929,0.126116071,0.323660714,0.058035714,0.482142857,0.052455357,0.066964286
