Gene model (v2.2),SNP (v2.2),Gene model (v3),SNP (v3),% Identity,Allele,Segregating Bases,Location,Alternative splice variant,Minor allele frequency
POPTR_0001s13740,scaffold_1_10808074,Potri.001G057400,"01	_	4368872",1,A,A/C,intron,NA,0.23
POPTR_0001s15530,scaffold_1_12370132,Potri.001G155500,"01	_	12869715",0.98,G,T/G,intron,NA,0.211
POPTR_0001s15530,scaffold_1_12370911,Potri.001G155500,"01	_	12870494",0.99,T,T/C,intron,NA,0.213
POPTR_0001s19170,scaffold_1_16605291,Potri.001G190800,"01	_	17189673",0.98,G,T/G,intergenic,NA,0.096
POPTR_0001s22980,scaffold_1_22027441,Potri.001G222200,"01	_	23014009",0.98,G,T/G,3'-UTR,NA,0.122
POPTR_0001s24760,scaffold_1_24014599,Potri.001G240900,"01	_	25187886",1,A,A/C,intergenic,NA,0.103
POPTR_0001s25960,scaffold_1_25049292,Potri.001G252600,"01	_	26238906",1,T,T/C,intron,NA,0.232
POPTR_0001s25960,scaffold_1_25051104,Potri.001G252600,"01	_	26240718",0.98,C,T/C,CDS-NS,NA,0.141
POPTR_0001s25960,scaffold_1_25052155,Potri.001G252600,"01	_	26241769",0.99,C,T/C,3'-UTR,NA,0.235
POPTR_0001s26330,scaffold_1_25376224,Potri.001G256100,01_26578752,0.98,C,T/C,intergenic,NA,0.091
POPTR_0001s03770,scaffold_1_3053737,Potri.001G000600,"01	_	44574",1,T,T/C,intergenic,NA,0.26
POPTR_0001s32800,scaffold_1_31116369,Potri.001G320900,"01	_	32568371",0.99,T,T/C,3'-UTR,intergenic,0.08
POPTR_0001s32800,scaffold_1_31118784,Potri.001G320900,"01	_	32570786",0.98,G,T/G,intron,NA,0.107
POPTR_0001s33030,scaffold_1_31277369,Potri.001G323100,01_32728346,0.98,C,T/C,3'-UTR,NA,0.141
POPTR_0001s33470,scaffold_1_31673091,Potri.001G327100,"01	_	33126783",1,A,A/C,intergenic,NA,0.122
POPTR_0001s35290,scaffold_1_33628533,Potri.001G345500,01_35101059,0.98,G,A/G,intron,NA,0.179
POPTR_0001s36710,scaffold_1_35425641,Potri.001G357000,"01	_	36574057",0.98,T,T/C,intron,NA,0.238
POPTR_0001s38450,scaffold_1_37573928,Potri.001G375500,"01	_	39043220",1,T,T/C,intron,NA,0.436
POPTR_0001s08710,scaffold_1_6659063,Potri.001G110800,"01	_	8798799",0.98,C,A/C,intergenic,NA,0.067
POPTR_0001s08860,scaffold_1_6767677,Potri.001G109300,"01	_	8691288",0.98,A,A/C,CDS-S,NA,0.204
POPTR_0001s09790,scaffold_1_7534924,Potri.001G100000,"01	_	7919277",0.97,C,T/C,intergenic,intergenic,0.343
POPTR_0001s09790,scaffold_1_7536323,Potri.001G100000,"01	_	7917879",0.99,T,T/C,intron,intergenic,0.4
POPTR_0001s09950,scaffold_1_7679511,Potri.001G098500,"01	_	7776190",1,T,T/C,intron,NA,0.13
POPTR_0001s00220,scaffold_1_77121,Potri.001G120000,"01	_	9640532",0.99,C,T/C,intergenic,NA,0.094
POPTR_0001s00220,scaffold_1_77256,Potri.001G120000,"01	_	9640667",0.99,G,A/G,intergenic,NA,0.094
POPTR_0001s10400,scaffold_1_8076907,Potri.001G093800,"01	_	7385052",0.98,C,T/C,intergenic,NA,0.155
POPTR_0001s11030,scaffold_1_8554535,Potri.001G087300,01_6907438,0.99,G,A/G,intron,NA,0.415
POPTR_0002s14610,scaffold_2_10873100,Potri.002G145200,"02	_	10828780",0.93,A,A/G,intergenic,NA,0.064
POPTR_0002s16750,scaffold_2_12516132,Potri.002G165900,"02	_	12519034",0.99,C,T/C,intron,NA,0.278
POPTR_0002s16750,scaffold_2_12517099,Potri.002G165900,"02	_	12520001",0.96,G,A/G,intron,NA,0.283
POPTR_0002s00410,scaffold_2_128416,Potri.002G002000,"02	_	128412",0.99,A,A/G,intergenic,NA,0.124
POPTR_0002s00410,scaffold_2_128432,Potri.002G002000,"02	_	128428",0.98,C,T/C,intergenic,NA,0.129
POPTR_0002s17270,scaffold_2_13035475,Potri.002G171700,"02	_	13039932",0.99,A,A/G,CDS-S,NA,0.243
POPTR_0002s18510,scaffold_2_14402959,Potri.002G184300,"02	_	14392901",0.99,T,T/G,intron,NA,0.085
POPTR_0002s18510,scaffold_2_14403753,Potri.002G184300,"02	_	14393695",0.98,T,T/C,intron,NA,0.051
POPTR_0002s18510,scaffold_2_14403922,Potri.002G184300,"02	_	14393864",0.98,T,T/C,CDS-S,NA,0.051
POPTR_0002s18510,scaffold_2_14404271,Potri.002G184300,"02	_	14394213",0.97,G,T/G,intron,NA,0.052
POPTR_0002s20130,scaffold_2_16080279,Potri.002G200300,"02	_	16130611",0.97,C,A/C,intergenic,NA,0.058
POPTR_0002s20790,scaffold_2_16907260,Potri.002G206400,02_16980085,0.98,T,T/G,intergenic,NA,0.218
POPTR_0002s20790,scaffold_2_16912031,Potri.002G206400,"02	_	16984856",1,A,A/G,CDS-S,NA,0.485
POPTR_0002s20790,scaffold_2_16913784,Potri.002G206400,"02	_	16986609",0.98,T,T/G,intergenic,NA,0.45
POPTR_0002s23730,scaffold_2_21254700,Potri.002G236200,"02	_	22967787",0.98,C,T/C,intron,intergenic,0.157
POPTR_0002s24400,scaffold_2_21778052,Potri.002G242500,"02	_	23487608",0.98,C,A/C,intron,NA,0.053
POPTR_0002s24420,scaffold_2_21797173,Potri.002G242700,"02	_	23506735",0.99,C,T/C,CDS-S,NA,0.266
POPTR_0002s24420,scaffold_2_21797548,Potri.002G242700,"02	_	23507110",0.99,T,T/C,CDS-S,NA,0.264
POPTR_0002s24420,scaffold_2_21798161,Potri.002G242700,"02	_	23507723",0.99,G,A/G,intron,NA,0.266
POPTR_0002s24420,scaffold_2_21798606,Potri.002G242700,"02	_	23508168",0.98,G,A/G,CDS-S,NA,0.266
POPTR_0002s24420,scaffold_2_21799480,Potri.002G242700,"02	_	23509042",0.98,A,A/C,intron,NA,0.267
POPTR_0002s24420,scaffold_2_21801228,Potri.002G242700,"02	_	23510790",0.97,C,A/C,intergenic,intergenic,0.186
POPTR_0002s24790,scaffold_2_22054766,Potri.002G246500,"02	_	23773353",0.98,G,T/G,CDS-S,intergenic,0.403
POPTR_0002s25550,scaffold_2_22607071,Potri.002G254200,"02	_	24327028",0.98,G,T/G,intergenic,NA,0.131
POPTR_0002s25970,scaffold_2_22957905,Potri.002G257900,02_24652128,0.98,C,A/C,intron,NA,0.347
POPTR_0002s25970,scaffold_2_22958448,Potri.002G257900,"02	_	24652669",0.98,A,A/G,intron,NA,0.288
POPTR_0002s25970,scaffold_2_22958450,Potri.002G257900,02_24652671,0.97,G,T/G,intron,NA,0.286
POPTR_0002s25970,scaffold_2_22958570,Potri.002G257900,02_24652791,0.99,T,T/G,CDS-S,NA,0.367
POPTR_0002s25970,scaffold_2_22958735,Potri.002G257900,02_24652956,1,T,T/C,CDS-S,NA,0.367
POPTR_0002s25970,scaffold_2_22959056,Potri.002G257900,02_24653277,0.98,C,T/C,CDS-S,NA,0.365
POPTR_0002s25970,scaffold_2_22959306,Potri.002G257900,"02	_	24653527",0.98,G,A/G,CDS-S,NA,0.289
POPTR_0002s25970,scaffold_2_22959536,Potri.002G257900,"02	_	24653757",0.99,A,A/G,CDS-S,NA,0.29
POPTR_0002s25970,scaffold_2_22960133,Potri.002G257900,02_24654353,0.97,T,T/C,CDS-S,NA,0.378
POPTR_0002s25970,scaffold_2_22960571,Potri.002G257900,02_24654791,0.98,T,T/G,intron,NA,0.377
POPTR_0002s04910,scaffold_2_3156956,Potri.002G048300,"02	_	3155861",0.98,C,T/C,CDS-NS,NA,0.057
POPTR_0002s00730,scaffold_2_329260,Potri.002G005800,02_322748,0.98,A,A/G,intergenic,NA,0.057
POPTR_0002s05300,scaffold_2_3432197,Potri.002G052100,02_3435137,0.99,G,A/G,intergenic,NA,0.494
POPTR_0002s05300,scaffold_2_3432700,Potri.002G052100,02_3435640,0.98,G,A/G,intron,NA,0.412
POPTR_0002s05630,scaffold_2_3699071,Potri.002G055400,"02	_	3704294",0.99,T,T/C,intergenic,intergenic,0.073
POPTR_0002s07510,scaffold_2_5129835,Potri.002G074400,"02	_	5142802",1,T,T/C,intron,NA,0.107
POPTR_0002s10000,scaffold_2_7181028,Potri.002G099800,"02	_	7200749",0.97,G,T/G,intergenic,NA,0.074
POPTR_0002s10000,scaffold_2_7184339,Potri.002G099800,"02	_	7204060",0.99,T,T/C,intergenic,NA,0.452
POPTR_0002s01480,scaffold_2_780918,Potri.002G013400,"02	_	778582",0.99,C,T/C,intron,intron,0.12
POPTR_0002s01480,scaffold_2_781114,Potri.002G013400,"02	_	778778",0.99,A,A/G,intron,intron,0.06
POPTR_0002s01480,scaffold_2_781433,Potri.002G013400,"02	_	779097",0.99,C,A/C,intron,intron,0.071
POPTR_0002s01480,scaffold_2_782889,Potri.002G013400,"02	_	780553",0.98,C,T/C,intergenic,intergenic,0.086
POPTR_0002s11250,scaffold_2_8329767,Potri.002G111900,02_8356790,0.98,T,T/G,CDS-NS,intergenic,0.161
POPTR_0003s09410,scaffold_3_10698602,Potri.003G095400,"03	_	12212118",1,T,T/C,intron,intron,0.071
POPTR_0003s12700,scaffold_3_13213024,Potri.003G126900,"03	_	14771827",0.98,C,A/C,intron,NA,0.167
POPTR_0003s12700,scaffold_3_13213400,Potri.003G126900,"03	_	14772203",0.97,G,A/G,intergenic,NA,0.195
POPTR_0003s12820,scaffold_3_13279305,Potri.003G128100,"03	_	14838160",0.99,C,T/C,CDS-S,NA,0.331
POPTR_0003s12820,scaffold_3_13279794,Potri.003G128100,"03	_	14838649",0.99,C,T/C,CDS-NS,NA,0.388
POPTR_0003s12820,scaffold_3_13281522,Potri.003G128200,"03	_	14840377",0.99,A,A/C,intergenic,intergenic,0.264
POPTR_0003s12870,scaffold_3_13318738,Potri.003G128600,"03	_	14878682",0.97,T,T/C,CDS-S,NA,0.137
POPTR_0003s13160,scaffold_3_13569411,Potri.003G131700,"03	_	15129606",0.99,T,T/C,3'-UTR,3'-UTR/intergenic,0.195
POPTR_0003s13160,scaffold_3_13569808,Potri.003G131700,"03	_	15130003",0.98,T,T/C,3'-UTR,intron/intergenic,0.444
POPTR_0003s13160,scaffold_3_13570625,Potri.003G131700,"03	_	15130820",0.99,A,A/C,intron,intron/intergenic,0.237
POPTR_0003s13190,scaffold_3_13585402,Potri.003G132000,"03	_	15145595",1,A,A/G,intergenic,intergenic,0.087
POPTR_0003s13910,scaffold_3_14132279,Potri.003G139300,03_15693995,0.99,T,T/C,intergenic,NA,0.185
POPTR_0003s14360,scaffold_3_14451224,Potri.003G143600,"03	_	16003963",0.98,C,T/C,CDS-NS,intergenic,0.167
POPTR_0003s14360,scaffold_3_14452604,Potri.003G143600,"03	_	16005343",0.98,A,A/G,3'-UTR,intergenic,0.188
POPTR_0003s15230,scaffold_3_15084753,Potri.003G152700,"03	_	16644693",1,A,A/G,CDS-S,NA,0.27
POPTR_0003s15400,scaffold_3_15186956,Potri.003G155200,"03	_	16802908",0.96,C,T/C,intron,NA,0.077
POPTR_0003s15440,scaffold_3_15211807,Potri.003G155700,"03	_	16835130",0.99,A,A/G,intergenic,NA,0.337
POPTR_0003s15440,scaffold_3_15213042,Potri.003G155700,"03	_	16836366",0.98,G,A/G,CDS-NS,NA,0.484
POPTR_0003s15440,scaffold_3_15213883,Potri.003G155700,"03	_	16837207",0.98,C,T/C,intergenic,intergenic,0.336
POPTR_0003s17150,scaffold_3_16597038,Potri.003G173000,"03	_	18239026",0.99,A,A/C,intergenic,NA,0.073
POPTR_0003s19470,scaffold_3_18183861,Potri.003G195300,03_19846358,1,T,T/C,intergenic,NA,0.267
POPTR_0003s21690,scaffold_3_19747482,Potri.003G214200,"03	_	21183572",0.99,G,A/G,intron,NA,0.39
POPTR_0003s21690,scaffold_3_19750521,Potri.003G214200,"03	_	21180533",1,T,T/C,intron,NA,0.406
POPTR_0003s21690,scaffold_3_19752207,Potri.003G214200,"03	_	21178847",1,T,T/G,intron,NA,0.073
POPTR_0003s04860,scaffold_3_5897521,Potri.003G050100,"03	_	7362563",0.98,G,T/G,CDS-S,NA,0.068
POPTR_0003s05810,scaffold_3_7196776,Potri.003G059400,03_8727740,0.98,C,T/C,3'-UTR,NA,0.152
POPTR_0003s07130,scaffold_3_8721049,Potri.003G073700,"03	_	10238874",1,A,A/G,intron,NA,0.367
POPTR_0004s11510,scaffold_4_10289092,Potri.004G116100,"04	_	10738780",0.98,C,T/C,CDS-S,NA,0.088
POPTR_0004s00430,scaffold_4_142452,Potri.004G002700,"04	_	190235",0.99,T,T/C,intron,NA,0.49
POPTR_0004s14090,scaffold_4_14579027,Potri.004G133600,04_15374810,0.99,G,A/G,intron,NA,0.445
POPTR_0004s00430,scaffold_4_146266,Potri.004G002700,"04	_	194049",0.98,G,A/G,intergenic,intergenic,0.22
POPTR_0004s17020,scaffold_4_17374846,Potri.004G163300,"04	_	18419349",0.97,G,A/G,intergenic,NA,0.097
POPTR_0004s17590,scaffold_4_17728659,Potri.004G168600,04_18773052,1,A,A/C,CDS-S,CDS,0.075
POPTR_0004s18020,scaffold_4_18036319,Potri.004G174400,"04	_	19283894",0.99,C,T/C,intergenic,intergenic,0.248
POPTR_0004s18030,scaffold_4_18040630,Potri.004G174500,"04	_	19288205",0.99,C,A/C,intron,NA,0.054
POPTR_0004s20950,scaffold_4_20301437,Potri.004G199300,"04	_	21150100",0.98,C,A/C,CDS-S,NA,0.06
POPTR_0004s23740,scaffold_4_22359308,Potri.004G230500,"04	_	23357121",0.98,G,A/G,intergenic,NA,0.054
POPTR_0004s24420,scaffold_4_23098534,Potri.004G236200,"04	_	24177826",0.99,G,A/G,intergenic,intergenic,0.095
POPTR_0004s05040,scaffold_4_3793065,Potri.004G051000,"04	_	3967596",0.98,G,A/G,intron,NA,0.102
POPTR_0004s05040,scaffold_4_3794154,Potri.004G051000,"04	_	3968685",0.97,C,T/C,intron,NA,0.102
POPTR_0004s05040,scaffold_4_3795707,Potri.004G051000,"04	_	3970238",0.96,C,T/C,intron,NA,0.107
POPTR_0004s05040,scaffold_4_3795835,Potri.004G051000,"04	_	3970366",0.97,T,T/G,intron,NA,0.107
POPTR_0004s06330,scaffold_4_5036109,Potri.004G064500,"04	_	5350117",1,T,T/C,intergenic,NA,0.305
POPTR_0004s01070,scaffold_4_536261,Potri.004G010100,"04	_	657358",0.99,C,T/C,intron,NA,0.133
POPTR_0004s06940,scaffold_4_5764011,Potri.004G071100,"04	_	5969208",0.98,G,A/G,3'-UTR,3'-UTR,0.122
POPTR_0004s06940,scaffold_4_5765395,Potri.004G071100,"04	_	5970592",0.99,A,A/C,intron,intron,0.122
POPTR_0004s07280,scaffold_4_6012187,Potri.004G074400,"04	_	6217928",0.98,C,T/C,intron,NA,0.073
POPTR_0004s01340,scaffold_4_731296,Potri.004G013400,"04	_	852017",0.99,C,T/C,intergenic,NA,0.071
POPTR_0004s00290,scaffold_4_74039,Potri.004G001300,"04	_	121853",0.99,C,T/C,intron,NA,0.433
POPTR_0004s08890,scaffold_4_7476576,Potri.004G089800,"04	_	7647705",0.99,G,A/G,intergenic,intergenic,0.498
POPTR_0004s08890,scaffold_4_7477334,Potri.004G089800,04_7648390,0.98,C,T/C,CDS-S,CDS,0.302
POPTR_0004s08890,scaffold_4_7478176,Potri.004G089800,"04	_	7649232",0.99,G,T/G,CDS-NS,CDS,0.061
POPTR_0005s15740,scaffold_5_12339685,Potri.017G114000,"17	_	12936114",0.99,C,T/C,intron,intron,0.11
POPTR_0005s15740,scaffold_5_12344723,Potri.017G114000,"17	_	12931076",0.99,G,A/G,CDS-S,CDS,0.107
POPTR_0005s16400,scaffold_5_13117663,Potri.005G170500,"05	_	18505496",0.98,C,T/C,intergenic,NA,0.212
POPTR_0005s16970,scaffold_5_13994211,Potri.005G166100,"05	_	17263280",0.97,C,T/C,5'-UTR,NA,0.331
POPTR_0005s16970,scaffold_5_13994673,Potri.005G166100,"05	_	17262818",0.98,G,A/G,CDS-NS,NA,0.364
POPTR_0005s17870,scaffold_5_15686728,Potri.005G156500,"05	_	15533321",0.99,A,A/C,intergenic,intergenic,0.18
POPTR_0005s17870,scaffold_5_15689770,Potri.005G156500,"05	_	15530279",0.99,C,T/C,intron,intron,0.229
POPTR_0005s18090,scaffold_5_16142274,Potri.005G137600,"05	_	11374425",0.99,C,T/C,intergenic,NA,0.136
POPTR_0005s18160,scaffold_5_16266770,Potri.005G138400,"05	_	11500576",0.97,G,A/G,intron,NA,0.079
POPTR_0005s18340,scaffold_5_16487025,Potri.005G140200,"05	_	11718085",0.99,C,T/C,CDS-S,NA,0.188
POPTR_0005s18470,scaffold_5_16695437,Potri.005G141200,"05	_	11921601",0.97,C,T/C,CDS-S,NA,0.362
POPTR_0005s18590,scaffold_5_16830256,Potri.005G142300,05_12059067,0.99,G,A/G,CDS-S,NA,0.075
POPTR_0005s19550,scaffold_5_18423310,Potri.005G152500,"05	_	14349048",0.99,G,A/G,intron,NA,0.246
POPTR_0005s20540,scaffold_5_19600400,Potri.005G182800,05_19954046,0.98,G,A/G,intergenic,NA,0.057
POPTR_0005s22130,scaffold_5_21106409,Potri.005G199600,"05	_	21502240",0.98,C,T/C,intron,NA,0.082
POPTR_0005s25490,scaffold_5_23731286,Potri.005G233500,"05	_	24138474",0.99,T,T/C,intergenic,NA,0.088
POPTR_0005s06660,scaffold_5_4463733,Potri.005G065400,"05	_	4719977",0.97,A,A/G,intergenic,intergenic,0.324
POPTR_0005s06680,scaffold_5_4482374,Potri.005G065700,"05	_	4739059",1,T,T/C,intron,intron,0.299
POPTR_0005s06700,scaffold_5_4506511,Potri.005G065900,"05	_	4763136",1,T,T/C,intergenic,intergenic,0.133
POPTR_0005s07380,scaffold_5_5041069,Potri.005G072700,05_5295872,0.99,G,A/G,intron,intron,0.454
POPTR_0005s07410,scaffold_5_5069810,Potri.005G073000,05_5324619,1,T,T/C,intron,NA,0.49
POPTR_0005s07820,scaffold_5_5369278,Potri.005G076600,"05	_	5623830",0.98,C,A/C,intergenic,NA,0.201
POPTR_0005s08860,scaffold_5_6190628,Potri.005G086400,"05	_	6447541",0.98,G,T/G,intron,NA,0.221
POPTR_0005s09870,scaffold_5_6956032,Potri.005G095900,"05	_	7209798",0.99,A,A/G,intergenic,intergenic,0.406
POPTR_0005s11370,scaffold_5_8219812,Potri.005G111600,"05	_	8565562",0.99,G,T/G,intron,NA,0.05
POPTR_0005s00330,scaffold_5_87665,Potri.005G001500,"05	_	87598",0.98,T,T/G,intergenic,NA,0.216
POPTR_0005s00330,scaffold_5_88127,Potri.005G001500,"05	_	88060",0.97,C,T/C,intergenic,NA,0.154
POPTR_0006s15490,scaffold_6_12901125,Potri.006G150400,06_13115771,0.99,A,A/G,intron,NA,0.266
POPTR_0006s16070,scaffold_6_13913910,Potri.006G158400,"06	_	14829725",0.98,G,T/G,intergenic,NA,0.117
POPTR_0006s22580,scaffold_6_21553826,Potri.006G209200,"06	_	22436379",0.98,G,T/G,intergenic,NA,0.06
POPTR_0006s24210,scaffold_6_22856897,Potri.006G225600,"06	_	23723734",0.99,G,A/G,intron,NA,0.064
POPTR_0006s24210,scaffold_6_22860087,Potri.006G225600,"06	_	23726925",0.98,G,T/G,CDS-S,NA,0.065
POPTR_0006s24570,scaffold_6_23164577,Potri.006G229300,"06	_	24029465",0.98,C,A/C,CDS-NS,intergenic,0.076
POPTR_0006s25360,scaffold_6_23736711,Potri.006G237200,"06	_	24619712",1,T,T/C,3'-UTR,intergenic,0.13
POPTR_0006s25500,scaffold_6_23908980,Potri.006G238600,"06	_	24790742",1,A,A/G,3'-UTR,intron,0.296
POPTR_0006s25830,scaffold_6_24187308,Potri.006G241600,"06	_	25036327",1,T,T/C,intergenic,intergenic,0.121
POPTR_0006s25860,scaffold_6_24209638,Potri.006G241900,"06	_	25058656",0.98,C,T/C,intron,NA,0.213
POPTR_0006s25860,scaffold_6_24209932,Potri.006G241900,"06	_	25058950",0.98,C,T/C,intron,NA,0.22
POPTR_0006s03690,scaffold_6_2452700,Potri.006G038600,"06	_	2720993",0.99,T,T/G,intergenic,NA,0.443
POPTR_0006s26600,scaffold_6_24767093,Potri.006G249900,"06	_	25626699",0.99,T,T/C,CDS-NS,NA,0.054
POPTR_0006s26600,scaffold_6_24767545,Potri.006G249900,"06	_	25627151",0.98,C,T/C,intron,NA,0.054
POPTR_0006s26600,scaffold_6_24769381,Potri.006G249900,"06	_	25628987",1,A,A/C,CDS-S,NA,0.074
POPTR_0006s03720,scaffold_6_2489698,Potri.006G039000,"06	_	2757634",1,T,T/C,CDS-NS,NA,0.104
POPTR_0006s27310,scaffold_6_25257619,Potri.006G257000,"06	_	26125001",0.98,T,T/C,intron,NA,0.082
POPTR_0006s27890,scaffold_6_25720081,Potri.006G263000,"06	_	26584783",1,A,A/C,intron,NA,0.052
POPTR_0006s27890,scaffold_6_25722666,Potri.006G263000,"06	_	26587368",0.98,A,A/C,intergenic,NA,0.088
POPTR_0006s27910,scaffold_6_25740516,Potri.006G263200,"06	_	26605212",0.99,A,A/G,intron,NA,0.225
POPTR_0006s27910,scaffold_6_25741040,Potri.006G263200,"06	_	26605736",0.99,A,A/G,intron,NA,0.226
POPTR_0006s28030,scaffold_6_25893186,Potri.006G264500,"06	_	26754985",0.98,A,A/C,CDS-NS,intergenic,0.091
POPTR_0006s28040,scaffold_6_25893407,Potri.006G264600,"06	_	26755206",0.98,A,A/G,CDS-NS,intergenic,0.088
POPTR_0006s28040,scaffold_6_25893900,Potri.006G264600,"06	_	26755699",0.99,C,T/C,3'-UTR,intergenic,0.101
POPTR_0006s29040,scaffold_6_26526813,Potri.006G275500,"06	_	27544149",0.98,G,A/G,intron,intron,0.375
POPTR_0006s29040,scaffold_6_26526883,Potri.006G275500,"06	_	27544219",0.99,A,A/C,intron,intron,0.374
POPTR_0006s05320,scaffold_6_3756001,Potri.006G054500,"06	_	3973931",0.99,A,A/C,CDS-NS,intergenic,0.089
POPTR_0006s05320,scaffold_6_3756976,Potri.006G054500,"06	_	3974906",0.98,A,A/C,intergenic,intergenic,0.089
POPTR_0006s05650,scaffold_6_4000869,Potri.006G057700,"06	_	4216269",0.99,C,T/C,intron,NA,0.224
POPTR_0006s00780,scaffold_6_412165,Potri.006G006000,"06	_	399292",0.99,A,A/G,CDS-S,NA,0.206
POPTR_0006s00780,scaffold_6_414056,Potri.006G006000,"06	_	401183",0.98,C,T/C,intergenic,NA,0.12
POPTR_0006s00780,scaffold_6_414280,Potri.006G006000,"06	_	401407",0.98,C,T/C,intergenic,NA,0.119
POPTR_0006s06180,scaffold_6_4393165,Potri.006G063000,"06	_	4620360",0.98,A,A/G,CDS-S,NA,0.065
POPTR_0006s06250,scaffold_6_4448454,Potri.006G063700,"06	_	4676755",0.97,A,A/G,intron,NA,0.199
POPTR_0006s06760,scaffold_6_4893074,Potri.006G068400,"06	_	5119999",0.98,G,A/G,intron,NA,0.269
POPTR_0006s01010,scaffold_6_576166,Potri.006G008300,"06	_	565187",0.98,C,T/C,intergenic,NA,0.075
POPTR_0006s08300,scaffold_6_6033764,Potri.006G083000,06_6262961,1,A,A/G,CDS-S,NA,0.28
POPTR_0006s09860,scaffold_6_7250158,Potri.006G097300,"06	_	7435148",0.96,T,T/C,intergenic,NA,0.231
POPTR_0006s09860,scaffold_6_7252319,Potri.006G097300,"06	_	7437307",0.98,G,T/G,intron,NA,0.166
POPTR_0006s11810,scaffold_6_8985814,Potri.006G116900,"06	_	9177489",0.98,G,A/G,CDS-S,NA,0.139
POPTR_0006s01550,scaffold_6_936409,Potri.006G014400,"06	_	977683",0.98,C,T/C,CDS-S,NA,0.178
POPTR_0007s12250,scaffold_7_12569785,Potri.007G031900,"07	_	2428093",1,A,A/G,intergenic,NA,0.484
POPTR_0007s12250,scaffold_7_12569983,Potri.007G031900,"07	_	2427895",1,A,A/G,intergenic,NA,0.442
POPTR_0007s14320,scaffold_7_14138915,Potri.007G010700,"07	_	842800",0.99,G,A/G,intergenic,intergenic,0.319
POPTR_0007s15180,scaffold_7_14802316,Potri.007G002500,"07	_	177669",0.99,A,A/C,CDS-NS,CDS,0.093
POPTR_0007s15300,scaffold_7_14883282,Potri.007G001200,"07	_	96605",0.99,T,T/C,intergenic,NA,0.068
POPTR_0007s15310,scaffold_7_14888882,Potri.007G001100,"07	_	91006",0.98,C,A/C,intergenic,NA,0.16
POPTR_0007s15310,scaffold_7_14891160,Potri.007G001000,"07	_	88727",0.99,T,T/C,CDS-NS,intergenic,0.126
POPTR_0007s07120,scaffold_7_5448044,Potri.007G076500,"07	_	10042777",1,A,A/G,intergenic,intergenic,0.079
POPTR_0008s16170,scaffold_8_10808596,Potri.008G161900,"08	_	11007539",0.99,G,A/G,intergenic,intergenic,0.064
POPTR_0008s16270,scaffold_8_10893522,Potri.008G162800,"08	_	11071692",0.98,T,T/G,intergenic,NA,0.151
POPTR_0008s16270,scaffold_8_10894042,Potri.008G162800,"08	_	11072212",0.98,C,A/C,intergenic,NA,0.149
POPTR_0008s16270,scaffold_8_10895658,Potri.008G162800,"08	_	11073828",1,A,A/G,intron,NA,0.128
POPTR_0008s02570,scaffold_8_1263280,Potri.008G025500,08_1323296,0.99,A,A/G,intergenic,NA,0.215
POPTR_0008s19680,scaffold_8_13570630,Potri.008G192500,"08	_	13396165",0.96,A,A/G,intron,NA,0.056
POPTR_0008s20010,scaffold_8_13821600,Potri.008G195500,"08	_	13643678",0.99,C,T/C,CDS-S,NA,0.063
POPTR_0008s20750,scaffold_8_14731344,Potri.008G203300,"08	_	14571163",0.99,T,T/C,intergenic,NA,0.137
POPTR_0008s03880,scaffold_8_2121785,Potri.008G038900,"08	_	2194009",0.98,A,A/G,intergenic,NA,0.066
POPTR_0008s03880,scaffold_8_2127273,Potri.008G038900,"08	_	2199497",0.96,G,A/G,intergenic,NA,0.08
POPTR_0008s03880,scaffold_8_2127299,Potri.008G038900,"08	_	2199523",0.98,A,A/G,intergenic,NA,0.079
POPTR_0008s06920,scaffold_8_4166310,Potri.008G069200,"08	_	4232504",0.99,T,T/C,intron,NA,0.068
POPTR_0008s06990,scaffold_8_4230854,Potri.008G069900,"08	_	4297168",0.98,C,T/C,intron,NA,0.313
POPTR_0008s08370,scaffold_8_5198105,Potri.008G084100,"08	_	5291477",0.98,G,A/G,CDS-NS,intergenic,0.325
POPTR_0008s08650,scaffold_8_5355345,Potri.008G086800,"08	_	5447960",0.98,T,T/C,intergenic,NA,0.227
POPTR_0008s10470,scaffold_8_6559264,Potri.008G105200,"08	_	6671626",1,A,A/C,intron,NA,0.057
POPTR_0008s10480,scaffold_8_6567373,Potri.008G105300,08_6679707,0.98,G,A/G,CDS-S,NA,0.07
POPTR_0008s10480,scaffold_8_6568803,Potri.008G105300,08_6681137,0.99,G,A/G,CDS-NS,NA,0.058
POPTR_0008s12280,scaffold_8_7933306,Potri.008G123700,"08	_	8070249",0.97,G,A/G,intron,NA,0.116
POPTR_0008s12410,scaffold_8_8018360,Potri.008G125200,"08	_	8156299",0.99,A,A/G,CDS-NS,NA,0.483
POPTR_0008s13780,scaffold_8_9089783,Potri.008G138400,"08	_	9234361",1,T,T/C,intron,intergenic,0.069
POPTR_0008s14030,scaffold_8_9267412,Potri.008G140700,"08	_	9409009",0.98,G,A/G,intron,NA,0.278
POPTR_0009s13130,scaffold_9_10540049,Potri.009G128800,"09	_	10543974",0.96,C,T/C,intergenic,intergenic,0.418
POPTR_0009s13130,scaffold_9_10540293,Potri.009G128800,"09	_	10544218",0.98,G,A/G,intergenic,intergenic,0.431
POPTR_0009s13700,scaffold_9_10873701,Potri.009G134600,"09	_	10877921",0.99,G,T/G,intron,intron,0.09
POPTR_0009s13890,scaffold_9_10976569,Potri.009G136600,"09	_	10981065",0.98,C,T/C,intergenic,NA,0.055
POPTR_0009s13890,scaffold_9_10976898,Potri.009G136600,"09	_	10981394",0.99,T,T/C,intergenic,NA,0.057
POPTR_0009s16980,scaffold_9_12818481,Potri.009G168800,"09	_	12827401",0.96,C,A/C,CDS-NS,NA,0.052
POPTR_0009s01200,scaffold_9_1379696,Potri.009G006500,"09	_	1204255",0.98,C,T/C,intergenic,NA,0.125
POPTR_0009s01270,scaffold_9_1488755,Potri.009G007100,09_1310155,0.99,A,A/G,intergenic,NA,0.058
POPTR_0009s01420,scaffold_9_1676227,Potri.009G008600,"09	_	1536054",0.93,G,A/G,intergenic,NA,0.284
POPTR_0009s01420,scaffold_9_1676590,Potri.009G008600,"09	_	1536429",0.96,G,A/G,3'-UTR,NA,0.319
POPTR_0009s01420,scaffold_9_1678536,Potri.009G008600,"09	_	1538375",0.96,T,T/G,intergenic,NA,0.306
POPTR_0009s01420,scaffold_9_1678624,Potri.009G008600,"09	_	1538463",0.97,G,T/G,intergenic,NA,0.315
POPTR_0009s01420,scaffold_9_1678826,Potri.009G008600,09_1538665,0.96,A,A/C,intergenic,NA,0.309
POPTR_0009s01420,scaffold_9_1679212,Potri.009G008600,"09	_	1539053",0.98,G,A/G,intergenic,NA,0.194
POPTR_0009s01420,scaffold_9_1679805,Potri.009G008600,"09	_	1539646",0.99,T,T/G,intergenic,NA,0.194
POPTR_0009s01630,scaffold_9_2160922,Potri.009G011000,"09	_	2007105",0.98,G,T/G,CDS-NS,NA,0.067
POPTR_0009s01990,scaffold_9_2563600,Potri.009G014500,"09	_	2494917",0.98,G,A/G,3'-UTR,intergenic,0.134
POPTR_0009s02250,scaffold_9_2967450,Potri.009G017400,"09	_	2874013",0.98,C,A/C,CDS-S,NA,0.119
POPTR_0009s02250,scaffold_9_2968335,Potri.009G017400,"09	_	2874898",0.99,C,A/C,intron,NA,0.125
POPTR_0009s02690,scaffold_9_3450391,Potri.009G021800,"09	_	3360343",0.98,C,T/C,intron,NA,0.052
POPTR_0009s03940,scaffold_9_4528942,Potri.009G034500,"09	_	4450027",0.99,A,A/G,intron,intergenic,0.262
POPTR_0009s03990,scaffold_9_4567109,Potri.009G035000,"09	_	4488153",0.99,T,T/G,3'-UTR,intergenic,0.371
POPTR_0009s03990,scaffold_9_4567677,Potri.009G035000,09_4488721,0.98,A,A/G,intergenic,intergenic,0.194
POPTR_0009s08800,scaffold_9_7957827,Potri.009G084600,"09	_	7948439",1,T,T/G,intron,NA,0.179
POPTR_0009s10270,scaffold_9_8857943,Potri.009G099800,"09	_	8863819",0.98,C,A/C,intergenic,NA,0.42
POPTR_0009s10270,scaffold_9_8860012,Potri.009G099800,"09	_	8865891",0.97,G,T/G,5'-UTR,NA,0.457
POPTR_0009s10270,scaffold_9_8860555,Potri.009G099800,"09	_	8866434",1,T,T/C,intergenic,intergenic,0.126
POPTR_0009s10550,scaffold_9_9030950,Potri.009G102700,09_9034627,0.99,C,T/C,3'-UTR,NA,0.353
POPTR_0009s10910,scaffold_9_9228728,Potri.009G106000,"09	_	9241265",0.99,C,A/C,intergenic,intergenic,0.067
POPTR_0009s11170,scaffold_9_9374079,Potri.009G108500,"09	_	9383626",0.98,T,T/C,5'-UTR,5'-UTR,0.411
POPTR_0009s11170,scaffold_9_9374723,Potri.009G108500,"09	_	9384268",0.98,C,T/C,intron,intron,0.289
POPTR_0009s11360,scaffold_9_9465673,Potri.009G110500,09_9474351,0.98,G,T/G,intergenic,NA,0.141
POPTR_0009s11360,scaffold_9_9465680,Potri.009G110500,09_9474358,0.98,C,A/C,intergenic,NA,0.146
POPTR_0010s10400,scaffold_10_10922695,Potri.010G093900,"10	_	11669424",0.97,A,A/C,3'-UTR,intergenic,0.194
POPTR_0010s10400,scaffold_10_10923421,Potri.010G093900,"10	_	11670149",0.97,C,T/C,intron,intergenic,0.195
POPTR_0010s13120,scaffold_10_13005648,Potri.010G121500,"10	_	13806956",0.98,T,T/C,intergenic,NA,0.055
POPTR_0010s15060,scaffold_10_14441785,Potri.010G140700,"10	_	15257565",0.98,C,T/C,intergenic,intergenic,0.26
POPTR_0010s17300,scaffold_10_15938437,Potri.010G165700,10_16922022,0.98,C,A/C,CDS-NS,NA,0.44
POPTR_0010s17300,scaffold_10_15939117,Potri.010G165700,10_16922702,1,A,A/C,intron,NA,0.426
POPTR_0010s18640,scaffold_10_16832747,Potri.010G179300,"10	_	17812373",0.99,A,A/G,intron,intergenic,0.091
POPTR_0010s19090,scaffold_10_17106469,Potri.010G183600,10_18085112,0.97,C,A/C,intron,NA,0.416
POPTR_0010s19140,scaffold_10_17139037,Potri.010G184000,"10	_	18117670",1,A,A/C,intron,NA,0.067
POPTR_0010s19490,scaffold_10_17367959,Potri.010G187500,"10	_	18346485",0.98,T,T/C,intergenic,NA,0.101
POPTR_0010s19490,scaffold_10_17371691,Potri.010G187600,"10	_	18350218",0.99,A,A/G,intron,NA,0.098
POPTR_0010s21970,scaffold_10_19078879,Potri.010G212900,"10	_	20112128",0.98,T,T/G,CDS-NS,NA,0.386
POPTR_0010s21970,scaffold_10_19080923,Potri.010G212900,"10	_	20114171",0.99,T,T/C,CDS-NS,NA,0.384
POPTR_0010s21970,scaffold_10_19081470,Potri.010G212900,"10	_	20114718",0.97,G,A/G,CDS-S,NA,0.384
POPTR_0010s22230,scaffold_10_19215715,Potri.010G215200,"10	_	20249542",0.98,C,T/C,CDS-NS,CDS,0.193
POPTR_0010s22840,scaffold_10_19610337,Potri.010G221600,"10	_	20651512",0.98,C,T/C,3'-UTR,NA,0.172
POPTR_0010s25700,scaffold_10_21245322,Potri.010G250500,10_22286918,0.99,G,A/G,intergenic,NA,0.179
POPTR_0010s25710,scaffold_10_21249991,Potri.010G250600,"10	_	22291570",0.99,G,A/G,5'-UTR,NA,0.063
POPTR_0010s25710,scaffold_10_21253673,Potri.010G250600,"10	_	22295252",0.98,G,A/G,3'-UTR,intergenic,0.076
POPTR_0010s26100,scaffold_10_21451968,Potri.010G254400,"10	_	22492661",0.98,G,A/G,5'-UTR,NA,0.061
POPTR_0010s02070,scaffold_10_2389788,Potri.010G019000,10_2901558,0.98,A,A/G,intron,NA,0.074
POPTR_0010s02070,scaffold_10_2391198,Potri.010G019000,10_2902707,0.98,C,T/C,intron,NA,0.069
POPTR_0010s04900,scaffold_10_6105982,Potri.010G039800,"10	_	6700914",0.99,T,T/G,intron,NA,0.053
POPTR_0010s08310,scaffold_10_9279419,Potri.010G072400,"10	_	9935396",0.99,T,T/C,intergenic,intergenic,0.129
POPTR_0010s08760,scaffold_10_9610733,Potri.010G077000,"10	_	10276895",1,A,A/C,intergenic,intergenic,0.163
POPTR_0011s09660,scaffold_11_12050640,Potri.011G094400,"11	_	11477112",0.99,T,T/C,5'-UTR,NA,0.054
POPTR_0011s09660,scaffold_11_12050671,Potri.011G094400,"11	_	11477143",0.99,T,T/C,CDS-S,NA,0.054
POPTR_0011s10920,scaffold_11_13487994,Potri.011G107900,"11	_	13112675",1,T,T/C,CDS-S,NA,0.074
POPTR_0011s14360,scaffold_11_16808450,Potri.011G140300,"11	_	16242913",0.97,A,A/G,intergenic,intergenic,0.324
POPTR_0011s14360,scaffold_11_16809116,Potri.011G140300,"11	_	16243577",0.98,T,T/G,intergenic,intergenic,0.461
POPTR_0011s15640,scaffold_11_17727801,Potri.011G153300,"11	_	17182826",0.98,C,T/C,intergenic,NA,0.363
POPTR_0011s16040,scaffold_11_18015579,Potri.011G157000,"11	_	17475540",0.99,T,T/G,3'-UTR,NA,0.054
POPTR_0011s00620,scaffold_11_295988,Potri.011G024000,11_2007822,1,T,T/G,intron,NA,0.119
POPTR_0012s09000,scaffold_12_10080562,Potri.012G088200,"12	_	11522931",0.98,C,A/C,3'-UTR,intergenic,0.431
POPTR_0012s14040,scaffold_12_14032001,Potri.012G132400,"12	_	14899924",1,A,A/G,intergenic,NA,0.059
POPTR_0012s14040,scaffold_12_14033225,Potri.012G132400,"12	_	14898699",0.98,C,T/C,intergenic,NA,0.064
POPTR_0012s14510,scaffold_12_14376084,Potri.012G127900,"12	_	14556678",0.99,C,A/C,intron,intergenic,0.118
POPTR_0012s02170,scaffold_12_1811250,Potri.012G014500,"12	_	1425770",0.99,T,T/G,intergenic,NA,0.418
POPTR_0012s02170,scaffold_12_1812031,Potri.012G014500,12_1426551,0.98,G,A/G,intergenic,NA,0.38
POPTR_0012s02170,scaffold_12_1814218,Potri.012G014500,"12	_	1428738",0.97,C,T/C,intron,NA,0.377
POPTR_0012s02170,scaffold_12_1814799,Potri.012G014500,"12	_	1429319",0.98,A,A/G,CDS-NS,NA,0.469
POPTR_0012s03650,scaffold_12_2876156,Potri.012G039400,"12	_	3489230",1,A,A/G,CDS-NS,NA,0.285
POPTR_0012s03900,scaffold_12_3119550,Potri.012G042100,"12	_	3788666",0.99,C,A/C,intergenic,NA,0.477
POPTR_0013s12760,scaffold_13_13442480,Potri.013G123800,13_13757675,0.99,A,A/G,intergenic,intergenic,0.352
POPTR_0013s02270,scaffold_13_1353158,Potri.013G021700,"13	_	1442067",0.98,A,A/G,intron,NA,0.35
POPTR_0013s02270,scaffold_13_1353254,Potri.013G021700,"13	_	1442163",0.99,T,T/C,CDS-NS,NA,0.298
POPTR_0013s02270,scaffold_13_1353400,Potri.013G021700,"13	_	1442309",1,A,A/C,intron,NA,0.353
POPTR_0013s02270,scaffold_13_1353757,Potri.013G021700,"13	_	1442666",0.97,G,A/G,intron,NA,0.353
POPTR_0013s02270,scaffold_13_1354055,Potri.013G021700,"13	_	1442964",0.97,G,A/G,intron,NA,0.325
POPTR_0013s02270,scaffold_13_1354597,Potri.013G021700,"13	_	1443506",0.98,G,A/G,intron,NA,0.353
POPTR_0013s02270,scaffold_13_1354978,Potri.013G021700,"13	_	1443887",0.98,G,A/G,intron,NA,0.353
POPTR_0013s02270,scaffold_13_1356307,Potri.013G021700,"13	_	1445214",0.99,G,A/G,intergenic,intergenic,0.323
POPTR_0013s03280,scaffold_13_2018492,Potri.013G032500,"13	_	2159584",0.99,T,T/C,CDS-NS,NA,0.075
POPTR_0013s03280,scaffold_13_2018523,Potri.013G032500,"13	_	2159615",0.99,A,A/G,CDS-S,NA,0.075
POPTR_0013s05300,scaffold_13_3764023,Potri.013G056400,"13	_	4203182",0.99,T,T/C,CDS-NS,NA,0.056
POPTR_0013s05900,scaffold_13_4279231,Potri.013G062400,"13	_	4734277",0.98,G,A/G,intergenic,NA,0.235
POPTR_0013s08490,scaffold_13_7669991,Potri.013G086800,"13	_	8314005",0.99,T,T/G,intron,NA,0.27
POPTR_0013s01460,scaffold_13_834888,Potri.013G013100,"13	_	853066",0.99,A,A/G,intergenic,NA,0.091
POPTR_0013s01460,scaffold_13_834949,Potri.013G013100,"13	_	853127",0.99,T,T/G,intergenic,NA,0.076
POPTR_0014s13780,scaffold_14_10090056,Potri.014G141400,14_10769206,0.99,G,A/G,intergenic,intergenic,0.107
POPTR_0014s15820,scaffold_14_11904856,Potri.014G160000,"14	_	12575460",0.98,C,T/C,intron,NA,0.352
POPTR_0014s15820,scaffold_14_11907520,Potri.014G160000,"14	_	12578124",0.99,G,T/G,intergenic,intergenic,0.103
POPTR_0014s01450,scaffold_14_1391477,Potri.014G014200,"14	_	1415566",0.99,C,T/C,intergenic,NA,0.092
POPTR_0014s18310,scaffold_14_15333716,Potri.016G000100,"16	_	757",1,A,A/C,intron,NA,0.202
POPTR_0014s04640,scaffold_14_3541756,Potri.014G047000,"14	_	3662938",0.98,G,A/G,intergenic,NA,0.073
POPTR_0014s06150,scaffold_14_4654351,Potri.014G066100,"14	_	5350621",0.98,C,T/C,intergenic,NA,0.391
POPTR_0014s06150,scaffold_14_4654631,Potri.014G066100,"14	_	5350901",0.98,T,T/G,intergenic,NA,0.157
POPTR_0014s06170,scaffold_14_4679988,Potri.014G066300,"14	_	5376503",0.98,C,A/C,intergenic,NA,0.497
POPTR_0014s07670,scaffold_14_5748256,Potri.014G080900,14_6449554,0.98,G,T/G,5'-UTR,NA,0.275
POPTR_0014s08350,scaffold_14_6215441,Potri.014G087600,"14	_	6916251",0.98,G,A/G,intergenic,NA,0.133
POPTR_0014s09830,scaffold_14_7337536,Potri.014G102700,"14	_	8045578",0.97,C,T/C,intergenic,NA,0.27
POPTR_0014s09830,scaffold_14_7337847,Potri.014G102700,"14	_	8045889",0.98,A,A/C,intergenic,NA,0.308
POPTR_0014s09830,scaffold_14_7338245,Potri.014G102700,"14	_	8046287",0.98,C,A/C,intergenic,NA,0.485
POPTR_0014s09830,scaffold_14_7339672,Potri.014G102700,"14	_	8047714",0.99,A,A/G,CDS-S,NA,0.286
POPTR_0014s09830,scaffold_14_7340838,Potri.014G102700,"14	_	8048878",0.97,A,A/G,intergenic,NA,0.284
POPTR_0014s09830,scaffold_14_7341028,Potri.014G102700,14_8049068,0.95,C,T/C,intergenic,NA,0.482
POPTR_0014s09940,scaffold_14_7455214,Potri.014G103600,14_8161699,1,T,T/C,intergenic,NA,0.232
POPTR_0014s10160,scaffold_14_7621791,Potri.014G106000,14_8351542,0.98,A,A/G,intergenic,intergenic,0.127
POPTR_0014s10540,scaffold_14_7847523,Potri.014G109800,"14	_	8575156",0.97,G,A/G,intron,intron,0.056
POPTR_0014s10540,scaffold_14_7848617,Potri.014G109800,"14	_	8576250",0.98,G,T/G,intron,intron,0.068
POPTR_0014s10900,scaffold_14_8138831,Potri.014G113700,"14	_	8883073",0.99,A,A/G,intron,NA,0.477
POPTR_0014s11210,scaffold_14_8330181,Potri.014G116800,14_9073811,1,A,A/G,CDS-S,NA,0.48
POPTR_0014s11210,scaffold_14_8330274,Potri.014G116800,14_9073904,0.99,T,T/C,5'-UTR,NA,0.481
POPTR_0014s12390,scaffold_14_9154340,Potri.014G129400,"14	_	9897241",0.98,G,T/G,intergenic,intergenic,0.164
POPTR_0014s12930,scaffold_14_9522855,Potri.014G134800,14_10258650,0.97,G,T/G,CDS-NS,NA,0.122
POPTR_0015s01610,scaffold_15_1007270,Potri.015G013700,"15	_	899253",0.99,T,T/G,intron,intron,0.174
POPTR_0015s08970,scaffold_15_10315608,Potri.015G078600,"15	_	10363994",0.97,T,T/C,intron,NA,0.245
POPTR_0015s11630,scaffold_15_12183276,Potri.015G105000,"15	_	12296568",0.99,A,A/G,intron,NA,0.46
POPTR_0015s13270,scaffold_15_13303524,Potri.015G142500,"15	_	14900841",0.99,C,T/C,CDS-S,intergenic,0.066
POPTR_0015s13270,scaffold_15_13305008,Potri.015G142500,"15	_	14899357",0.99,A,A/G,intron,intergenic,0.075
POPTR_0015s13830,scaffold_15_13596400,Potri.015G136400,"15	_	14610446",0.98,C,T/C,intergenic,NA,0.063
POPTR_0015s14600,scaffold_15_14137531,Potri.015G129100,"15	_	14070654",1,T,T/G,CDS-NS,NA,0.059
POPTR_0015s14780,scaffold_15_14255017,Potri.015G127200,15_13958398,0.98,T,T/C,intron,intergenic,0.057
POPTR_0015s14950,scaffold_15_14342360,Potri.015G125500,"15	_	13872119",0.98,C,T/C,CDS-NS,NA,0.17
POPTR_0015s00440,scaffold_15_247054,Potri.015G002300,15_141448,0.99,G,T/G,CDS-NS,NA,0.071
POPTR_0015s00440,scaffold_15_247527,Potri.015G002300,"15	_	141921",0.98,T,T/C,CDS-S,NA,0.084
POPTR_0015s00440,scaffold_15_247811,Potri.015G002300,"15	_	142205",0.98,C,A/C,CDS-NS,NA,0.057
POPTR_0015s00470,scaffold_15_267849,Potri.015G002600,"15	_	162241",0.98,C,T/C,intron,NA,0.057
POPTR_0015s00470,scaffold_15_268612,Potri.015G002600,"15	_	163004",0.98,G,T/G,CDS-S,NA,0.061
POPTR_0015s03440,scaffold_15_3001447,Potri.015G049100,"15	_	5225087",0.99,A,A/C,intergenic,intergenic,0.075
POPTR_0015s00640,scaffold_15_382827,Potri.015G004100,"15	_	277979",0.98,G,A/G,CDS-NS,NA,0.081
POPTR_0015s01070,scaffold_15_630677,Potri.015G008300,"15	_	520441",0.98,G,T/G,intergenic,NA,0.235
POPTR_0015s01140,scaffold_15_703349,Potri.015G009100,"15	_	597776",0.97,C,T/C,intron,NA,0.115
POPTR_0015s01160,scaffold_15_718240,Potri.015G009300,"15	_	612663",0.99,C,T/C,CDS-NS,NA,0.059
POPTR_0015s01160,scaffold_15_719540,Potri.015G009300,15_613963,0.98,G,A/G,intergenic,NA,0.11
POPTR_0015s01160,scaffold_15_719682,Potri.015G009300,"15	_	614105",0.98,G,A/G,intergenic,NA,0.127
POPTR_0016s00210,scaffold_16_12312,Potri.016G000200,"16	_	15966",0.97,C,T/C,intron,NA,0.22
POPTR_0016s13600,scaffold_16_12766812,Potri.016G128300,"16	_	13100765",0.98,G,A/G,intergenic,NA,0.055
POPTR_0016s00210,scaffold_16_12984,Potri.016G000200,"16	_	16638",0.98,C,T/C,intron,NA,0.22
POPTR_0016s00210,scaffold_16_13042,Potri.016G000200,"16	_	16696",1,A,A/G,intron,NA,0.22
POPTR_0016s14210,scaffold_16_13445494,Potri.016G134600,"16	_	13793769",0.97,T,T/C,intergenic,NA,0.225
POPTR_0016s00200,scaffold_16_1404,Potri.016G000100,"16	_	5060",1,A,A/C,CDS-NS,NA,0.206
POPTR_0016s00210,scaffold_16_15120,Potri.016G000200,"16	_	18774",0.98,T,T/G,intron,intergenic,0.22
POPTR_0016s00210,scaffold_16_16406,Potri.016G000200,"16	_	20060",0.98,G,A/G,5'-UTR,intron,0.204
POPTR_0016s00200,scaffold_16_1707,Potri.016G000100,"16	_	5363",0.98,A,A/G,CDS-S,NA,0.224
POPTR_0016s00230,scaffold_16_19445,Potri.016G000300,16_23098,1,A,A/C,intergenic,intergenic,0.129
POPTR_0016s05500,scaffold_16_3430904,Potri.016G054700,"16	_	3567162",0.99,G,T/G,intergenic,intergenic,0.1
POPTR_0016s00200,scaffold_16_3720,Potri.016G000100,"16	_	7373",1,A,A/C,intergenic,NA,0.22
POPTR_0016s07260,scaffold_16_5129009,Potri.016G071900,16_5348566,0.98,C,T/C,intergenic,NA,0.188
POPTR_0016s01970,scaffold_16_905064,Potri.016G018200,"16	_	976218",1,A,A/C,CDS-NS,NA,0.055
POPTR_0017s11590,scaffold_17_11380247,Potri.017G079600,"17	_	9338668",0.98,G,A/G,CDS-S,NA,0.107
POPTR_0017s12210,scaffold_17_12392091,Potri.017G086200,"17	_	10344016",0.99,A,A/C,CDS-NS,NA,0.34
POPTR_0017s12210,scaffold_17_12392905,Potri.017G086200,"17	_	10344830",0.98,C,T/C,3'-UTR,NA,0.111
POPTR_0017s12230,scaffold_17_12436896,Potri.017G086300,17_10389854,0.99,G,A/G,intergenic,NA,0.169
POPTR_0017s12650,scaffold_17_12854358,Potri.017G090800,"17	_	10815056",0.98,G,A/G,intron,NA,0.141
POPTR_0017s12760,scaffold_17_12926255,Potri.017G092000,"17	_	10886879",0.98,T,T/G,intergenic,NA,0.069
POPTR_0017s03020,scaffold_17_2186841,Potri.017G128600,"17	_	13979626",0.98,A,A/G,intergenic,NA,0.151
POPTR_0017s06840,scaffold_17_5220579,Potri.017G040800,"17	_	3341915",1,T,T/C,CDS-NS,CDS,0.104
POPTR_0017s06970,scaffold_17_5427355,Potri.017G042200,"17	_	3575592",1,T,T/C,intron,NA,0.348
POPTR_0017s06970,scaffold_17_5429308,Potri.017G042200,"17	_	3577540",0.99,G,A/G,intergenic,NA,0.145
POPTR_0017s07660,scaffold_17_5954205,Potri.017G049900,"17	_	4167652",0.99,A,A/C,intergenic,NA,0.474
POPTR_0018s09730,scaffold_18_10755774,Potri.018G090100,"18	_	11877356",0.98,A,A/G,intergenic,NA,0.263
POPTR_0018s01170,scaffold_18_1084649,Potri.018G033600,"18	_	2683640",0.98,A,A/G,intergenic,NA,0.146
POPTR_0018s01200,scaffold_18_1110947,Potri.018G033300,"18	_	2657483",1,A,A/G,intron,NA,0.088
POPTR_0018s10210,scaffold_18_11188872,Potri.018G094200,"18	_	12310220",0.98,T,T/C,intron,NA,0.144
POPTR_0018s10290,scaffold_18_11235116,Potri.018G094800,"18	_	12356464",0.99,C,T/C,intergenic,NA,0.36
POPTR_0018s02460,scaffold_18_2231877,Potri.018G019900,"18	_	1539270",0.97,G,T/G,intergenic,NA,0.167
POPTR_0018s04650,scaffold_18_3940089,Potri.018G059400,18_6368344,1,T,T/C,intron,intron,0.45
POPTR_0018s06190,scaffold_18_5900245,Potri.018G076400,18_10187384,0.98,C,T/C,intergenic,NA,0.063
POPTR_0018s06370,scaffold_18_6191825,Potri.018G074500,"18	_	9852425",1,T,T/G,CDS-NS,NA,0.065
POPTR_0018s06370,scaffold_18_6193188,Potri.018G074500,"18	_	9851062",0.99,G,A/G,intron,NA,0.065
POPTR_0019s10160,scaffold_19_11741430,Potri.019G072800,19_10652259,0.99,T,T/C,intron,NA,0.437
POPTR_0019s10540,scaffold_19_12082481,Potri.019G076800,"19	_	11078115",1,T,T/G,intron,NA,0.272
POPTR_0019s10540,scaffold_19_12082889,Potri.019G076800,"19	_	11078523",1,A,A/G,intergenic,NA,0.24
POPTR_0019s10540,scaffold_19_12084030,Potri.019G076800,"19	_	11079664",0.99,C,T/C,intergenic,NA,0.274
POPTR_0019s12550,scaffold_19_13605032,Potri.019G095700,"19	_	12686540",0.97,T,T/C,intron,intergenic,0.177
POPTR_0019s13610,scaffold_19_14489501,Potri.019G105100,"19	_	13353027",1,T,T/G,intron,NA,0.148
POPTR_0019s13610,scaffold_19_14490827,Potri.019G105100,"19	_	13354353",0.98,C,T/C,intron,NA,0.147
POPTR_0019s07280,scaffold_19_8264156,Potri.019G048200,"19	_	6937321",1,A,A/G,5'-UTR,intron,0.499
POPTR_0019s07600,scaffold_19_8685255,Potri.019G049500,"19	_	7406210",1,A,A/G,CDS-S,NA,0.446
POPTR_0020s00210,scaffold_20_150268,Potri.002G207100,"02	_	17286235",1,T,T/C,intron,NA,0.064
POPTR_0143s00200,scaffold_143_2955,Potri.009G008500,"09	_	1485194",0.98,C,T/C,CDS-NS,NA,0.319
POPTR_0143s00200,scaffold_143_3026,Potri.009G008500,"09	_	1485265",0.99,T,T/G,5'-UTR,NA,0.318
